         Address,	       Bytes,	         RSS,	       Dirty,	  Mode,	Mapping
0000000000400000,	     1662976,	         812,	           0,	 r-x--,	chunk_server
0000000000796000,	       32768,	          32,	          32,	 rw---,	chunk_server
   [unallocated],	       32768,	           -,	           -,	     -,	-
000000000079E000,	        4096,	           4,	           4,	 rw---,	[ anon ]
   [unallocated],	        4096,	           -,	           -,	     -,	-
0000000005631000,	      409600,	         292,	         292,	 rw---,	[ anon ]
0000000005632150,	          29,	           -,	           -,	 rw---,	0x2b8bfd9541dd
0000000005632180,	          27,	           -,	           -,	 rw---,	0x2b8bfd9541dd
0000000005633B00,	         112,	           -,	           -,	 rw---,	0x2b8bfd9541dd
0000000005633B80,	          56,	           -,	           -,	 rw---,	0x2b8bfd9541dd
0000000005633BC0,	        4400,	           -,	           -,	 rw---,	0x2b8bfd9541dd
0000000005634D00,	           1,	           -,	           -,	 rw---,	0x2b8bfd9541dd
0000000005634D20,	           1,	           -,	           -,	 rw---,	0x2b8bfd9541dd
0000000005634D40,	           1,	           -,	           -,	 rw---,	0x2b8bfd9541dd
0000000005634D60,	           1,	           -,	           -,	 rw---,	0x2b8bfd9541dd
0000000005634D80,	           1,	           -,	           -,	 rw---,	0x2b8bfd9541dd
0000000005634DA0,	           1,	           -,	           -,	 rw---,	0x2b8bfd9541dd
0000000005634DC0,	           1,	           -,	           -,	 rw---,	0x2b8bfd9541dd
0000000005634DE0,	           1,	           -,	           -,	 rw---,	0x2b8bfd9541dd
0000000005634E00,	           1,	           -,	           -,	 rw---,	0x2b8bfd9541dd
0000000005634E20,	           1,	           -,	           -,	 rw---,	0x2b8bfd9541dd
0000000005634E40,	           1,	           -,	           -,	 rw---,	0x2b8bfd9541dd
0000000005634E60,	           1,	           -,	           -,	 rw---,	0x2b8bfd9541dd
0000000005634E80,	           1,	           -,	           -,	 rw---,	0x2b8bfd9541dd
0000000005634EA0,	           1,	           -,	           -,	 rw---,	0x2b8bfd9541dd
0000000005634EC0,	           1,	           -,	           -,	 rw---,	0x2b8bfd9541dd
0000000005634EE0,	           1,	           -,	           -,	 rw---,	0x2b8bfd9541dd
0000000005634F00,	           1,	           -,	           -,	 rw---,	0x2b8bfd9541dd
0000000005634F20,	           1,	           -,	           -,	 rw---,	0x2b8bfd9541dd
0000000005634F40,	           1,	           -,	           -,	 rw---,	0x2b8bfd9541dd
0000000005634F60,	           1,	           -,	           -,	 rw---,	0x2b8bfd9541dd
0000000005634F80,	           1,	           -,	           -,	 rw---,	0x2b8bfd9541dd
0000000005634FA0,	           1,	           -,	           -,	 rw---,	0x2b8bfd9541dd
0000000005634FC0,	           1,	           -,	           -,	 rw---,	0x2b8bfd9541dd
0000000005634FE0,	           1,	           -,	           -,	 rw---,	0x2b8bfd9541dd
0000000005635000,	           1,	           -,	           -,	 rw---,	0x2b8bfd9541dd
0000000005635020,	           1,	           -,	           -,	 rw---,	0x2b8bfd9541dd
0000000005635040,	           1,	           -,	           -,	 rw---,	0x2b8bfd9541dd
0000000005635060,	           1,	           -,	           -,	 rw---,	0x2b8bfd9541dd
0000000005635080,	           1,	           -,	           -,	 rw---,	0x2b8bfd9541dd
00000000056350A0,	           1,	           -,	           -,	 rw---,	0x2b8bfd9541dd
00000000056350C0,	           1,	           -,	           -,	 rw---,	0x2b8bfd9541dd
00000000056350E0,	           1,	           -,	           -,	 rw---,	0x2b8bfd9541dd
0000000005635100,	           1,	           -,	           -,	 rw---,	0x2b8bfd9541dd
0000000005635120,	          64,	           -,	           -,	 rw---,	0x2b8bfd9541dd
0000000005635180,	          33,	           -,	           -,	 rw---,	0x2b8bfd9541dd
00000000056351B0,	          27,	           -,	           -,	 rw---,	0x2b8bfd9541dd
00000000056351E0,	          48,	           -,	           -,	 rw---,	0x2b8bfd9541dd
0000000005635220,	          40,	           -,	           -,	 rw---,	0x2b8bfd9541dd
0000000005635250,	          44,	           -,	           -,	 rw---,	0x2b8bfd9541dd
0000000005635290,	          48,	           -,	           -,	 rw---,	0x2b8bfd9541dd
00000000056352D0,	          43,	           -,	           -,	 rw---,	0x2b8bfd9541dd
0000000005635320,	          37,	           -,	           -,	 rw---,	0x2b8bfd9541dd
0000000005635350,	          80,	           -,	           -,	 rw---,	0x2b8bfd9541dd
00000000056353B0,	          39,	           -,	           -,	 rw---,	0x2b8bfd9541dd
00000000056353E0,	          39,	           -,	           -,	 rw---,	0x2b8bfd9541dd
0000000005635410,	           8,	           -,	           -,	 rw---,	0x2b8bfd9541dd
0000000005635430,	          78,	           -,	           -,	 rw---,	0x2b8bfd9541dd
0000000005635490,	         136,	           -,	           -,	 rw---,	0x2b8bfd9541dd
0000000005635520,	           8,	           -,	           -,	 rw---,	0x2b8bfd9541dd
0000000005635540,	          31,	           -,	           -,	 rw---,	0x2b8bfd9541dd
0000000005635580,	          45,	           -,	           -,	 rw---,	0x2b8bfd9541dd
00000000056355C0,	          56,	           -,	           -,	 rw---,	0x2b8bfd9541dd
0000000005635600,	          55,	           -,	           -,	 rw---,	0x2b8bfd9541dd
0000000005635640,	          29,	           -,	           -,	 rw---,	0x2b8bfd9541dd
0000000005635680,	          52,	           -,	           -,	 rw---,	0x2b8bfd9541dd
00000000056356C0,	          29,	           -,	           -,	 rw---,	0x2b8bfd9541dd
0000000005635700,	          38,	           -,	           -,	 rw---,	0x2b8bfd9541dd
0000000005635730,	          48,	           -,	           -,	 rw---,	0x2b8bfd9541dd
0000000005635770,	           8,	           -,	           -,	 rw---,	0x2b8bfd9541dd
0000000005635790,	          48,	           -,	           -,	 rw---,	0x2b8bfd9541dd
00000000056357D0,	           8,	           -,	           -,	 rw---,	0x2b8bfd9541dd
0000000005635800,	          56,	           -,	           -,	 rw---,	0x2b8bfd9541dd
0000000005635840,	          27,	           -,	           -,	 rw---,	0x2b8bfd9541dd
0000000005635870,	          32,	           -,	           -,	 rw---,	0x2b8bfd9541dd
00000000056358A0,	          27,	           -,	           -,	 rw---,	0x2b8bfd9541dd
00000000056358D0,	          27,	           -,	           -,	 rw---,	0x2b8bfd9541dd
0000000005635900,	          48,	           -,	           -,	 rw---,	0x2b8bfd9541dd
0000000005635940,	          47,	           -,	           -,	 rw---,	0x2b8bfd9541dd
0000000005635980,	          27,	           -,	           -,	 rw---,	0x2b8bfd9541dd
00000000056359C0,	          65,	           -,	           -,	 rw---,	0x2b8bfd9541dd
0000000005635A10,	           8,	           -,	           -,	 rw---,	0x2b8bfd9541dd
0000000005635A30,	          16,	           -,	           -,	 rw---,	0x2b8bfd9541dd
0000000005635A50,	          43,	           -,	           -,	 rw---,	0x2b8bfd9541dd
0000000005635A90,	          30,	           -,	           -,	 rw---,	0x2b8bfd9541dd
0000000005635AD0,	          48,	           -,	           -,	 rw---,	0x2b8bfd9541dd
0000000005635B10,	          49,	           -,	           -,	 rw---,	0x2b8bfd9541dd
0000000005635B50,	          58,	           -,	           -,	 rw---,	0x2b8bfd9541dd
0000000005635BA0,	           8,	           -,	           -,	 rw---,	0x2b8bfd9541dd
0000000005635BC0,	          15,	           -,	           -,	 rw---,	0x2b8bfe0a28e2
0000000005635BE0,	          55,	           -,	           -,	 rw---,	0x2b8bfd9541dd
0000000005635C20,	          48,	           -,	           -,	 rw---,	0x2b8bfd9541dd
0000000005635C60,	          50,	           -,	           -,	 rw---,	0x2b8bfd9541dd
0000000005635CA0,	          48,	           -,	           -,	 rw---,	0x2b8bfd9541dd
0000000005635CE0,	          68,	           -,	           -,	 rw---,	0x2b8bfd9541dd
0000000005635D30,	          55,	           -,	           -,	 rw---,	0x2b8bfd9541dd
0000000005635D70,	          65,	           -,	           -,	 rw---,	0x2b8bfd9541dd
0000000005635DC0,	          34,	           -,	           -,	 rw---,	0x2b8bfd9541dd
0000000005635E00,	          43,	           -,	           -,	 rw---,	0x2b8bfd9541dd
0000000005635E40,	          29,	           -,	           -,	 rw---,	0x2b8bfd9541dd
0000000005635E80,	          48,	           -,	           -,	 rw---,	0x2b8bfd9541dd
0000000005635EC0,	          29,	           -,	           -,	 rw---,	0x2b8bfd9541dd
0000000005635F00,	          58,	           -,	           -,	 rw---,	0x2b8bfd9541dd
0000000005635F50,	          48,	           -,	           -,	 rw---,	0x2b8bfd9541dd
0000000005635F90,	          55,	           -,	           -,	 rw---,	0x2b8bfd9541dd
0000000005635FD0,	          29,	           -,	           -,	 rw---,	0x2b8bfd9541dd
0000000005636010,	          53,	           -,	           -,	 rw---,	0x2b8bfd9541dd
0000000005636050,	          48,	           -,	           -,	 rw---,	0x2b8bfd9541dd
0000000005636090,	          67,	           -,	           -,	 rw---,	0x2b8bfd9541dd
00000000056360E0,	          55,	           -,	           -,	 rw---,	0x2b8bfd9541dd
0000000005636120,	          65,	           -,	           -,	 rw---,	0x2b8bfd9541dd
0000000005636170,	          48,	           -,	           -,	 rw---,	0x2b8bfd9541dd
00000000056361B0,	          53,	           -,	           -,	 rw---,	0x2b8bfd9541dd
00000000056361F0,	          48,	           -,	           -,	 rw---,	0x2b8bfd9541dd
0000000005636230,	          50,	           -,	           -,	 rw---,	0x2b8bfd9541dd
0000000005636270,	          29,	           -,	           -,	 rw---,	0x2b8bfd9541dd
00000000056362B0,	          68,	           -,	           -,	 rw---,	0x2b8bfd9541dd
0000000005636300,	          48,	           -,	           -,	 rw---,	0x2b8bfd9541dd
0000000005636340,	          41,	           -,	           -,	 rw---,	0x2b8bfd9541dd
0000000005636380,	          48,	           -,	           -,	 rw---,	0x2b8bfd9541dd
00000000056363C0,	          46,	           -,	           -,	 rw---,	0x2b8bfd9541dd
0000000005636400,	          48,	           -,	           -,	 rw---,	0x2b8bfd9541dd
0000000005636440,	          56,	           -,	           -,	 rw---,	0x2b8bfd9541dd
0000000005636480,	          34,	           -,	           -,	 rw---,	0x2b8bfd9541dd
00000000056364C0,	          53,	           -,	           -,	 rw---,	0x2b8bfd9541dd
0000000005636500,	          31,	           -,	           -,	 rw---,	0x2b8bfd9541dd
0000000005636540,	          48,	           -,	           -,	 rw---,	0x2b8bfd9541dd
0000000005636580,	          35,	           -,	           -,	 rw---,	0x2b8bfd9541dd
00000000056365C0,	          66,	           -,	           -,	 rw---,	0x2b8bfd9541dd
0000000005636610,	          27,	           -,	           -,	 rw---,	0x2b8bfd9541dd
0000000005636650,	          42,	           -,	           -,	 rw---,	0x2b8bfd9541dd
0000000005636690,	          48,	           -,	           -,	 rw---,	0x2b8bfd9541dd
00000000056366D0,	          47,	           -,	           -,	 rw---,	0x2b8bfd9541dd
0000000005636710,	          48,	           -,	           -,	 rw---,	0x2b8bfd9541dd
0000000005636750,	          57,	           -,	           -,	 rw---,	0x2b8bfd9541dd
00000000056367A0,	          42,	           -,	           -,	 rw---,	0x2b8bfd9541dd
00000000056367E0,	          54,	           -,	           -,	 rw---,	0x2b8bfd9541dd
0000000005636820,	          33,	           -,	           -,	 rw---,	0x2b8bfd9541dd
0000000005636860,	          49,	           -,	           -,	 rw---,	0x2b8bfd9541dd
00000000056368A0,	          33,	           -,	           -,	 rw---,	0x2b8bfd9541dd
00000000056368E0,	          67,	           -,	           -,	 rw---,	0x2b8bfd9541dd
0000000005636930,	          43,	           -,	           -,	 rw---,	0x2b8bfd9541dd
0000000005636970,	          28,	           -,	           -,	 rw---,	0x2b8bfd9541dd
00000000056369B0,	          47,	           -,	           -,	 rw---,	0x2b8bfd9541dd
00000000056369F0,	          38,	           -,	           -,	 rw---,	0x2b8bfd9541dd
0000000005636A30,	          65,	           -,	           -,	 rw---,	0x2b8bfd9541dd
0000000005636A80,	          48,	           -,	           -,	 rw---,	0x2b8bfd9541dd
0000000005636AC0,	          30,	           -,	           -,	 rw---,	0x2b8bfd9541dd
0000000005636B00,	          41,	           -,	           -,	 rw---,	0x2b8bfd9541dd
0000000005636B40,	          48,	           -,	           -,	 rw---,	0x2b8bfd9541dd
0000000005636B80,	          39,	           -,	           -,	 rw---,	0x2b8bfd9541dd
0000000005636BB0,	          40,	           -,	           -,	 rw---,	0x2b8bfd9541dd
0000000005636BF0,	          40,	           -,	           -,	 rw---,	0x2b8bfd9541dd
0000000005636C20,	         224,	           -,	           -,	 rw---,	0x2b8bfe0b6dd5
0000000005636D10,	          20,	           -,	           -,	 rw---,	0x2b8bfe0b58e4
0000000005636D30,	          20,	           -,	           -,	 rw---,	0x2b8bfe0b58e4
0000000005636D50,	          20,	           -,	           -,	 rw---,	0x2b8bfe0b58e4
0000000005636D70,	         160,	           -,	           -,	 rw---,	0x2b8bfd9541dd
0000000005636E30,	         624,	           -,	           -,	 rw---,	0x2b8bfd9541dd
00000000056370B0,	          54,	           -,	           -,	 rw---,	0x2b8bfd9541dd
00000000056370F0,	           8,	           -,	           -,	 rw---,	0x2b8bfd9541dd
0000000005637110,	           1,	           -,	           -,	 rw---,	0x2b8bfd9541dd
0000000005637140,	          56,	           -,	           -,	 rw---,	0x2b8bfd9541dd
0000000005637180,	          30,	           -,	           -,	 rw---,	0x2b8bfd9541dd
00000000056371B0,	          48,	           -,	           -,	 rw---,	0x2b8bfd9541dd
0000000005637200,	           8,	           -,	           -,	 rw---,	0x2b8bfd9541dd
0000000005637220,	          45,	           -,	           -,	 rw---,	0x2b8bfd9541dd
0000000005637260,	          48,	           -,	           -,	 rw---,	0x2b8bfd9541dd
00000000056372A0,	          48,	           -,	           -,	 rw---,	0x2b8bfd9541dd
00000000056372E0,	           8,	           -,	           -,	 rw---,	0x2b8bfd9541dd
0000000005637300,	          27,	           -,	           -,	 rw---,	0x2b8bfd9541dd
0000000005637330,	          56,	           -,	           -,	 rw---,	0x2b8bfd9541dd
0000000005637370,	          48,	           -,	           -,	 rw---,	0x2b8bfd9541dd
00000000056373B0,	          32,	           -,	           -,	 rw---,	0x2b8bfd9541dd
00000000056373E0,	          29,	           -,	           -,	 rw---,	0x2b8bfd9541dd
0000000005637410,	          56,	           -,	           -,	 rw---,	0x2b8bfd9541dd
0000000005637450,	           8,	           -,	           -,	 rw---,	0x2b8bfd9541dd
0000000005637470,	          48,	           -,	           -,	 rw---,	0x2b8bfd9541dd
00000000056374B0,	           8,	           -,	           -,	 rw---,	0x2b8bfd9541dd
00000000056374D0,	          56,	           -,	           -,	 rw---,	0x2b8bfd9541dd
0000000005637510,	           8,	           -,	           -,	 rw---,	0x2b8bfd9541dd
0000000005637530,	          48,	           -,	           -,	 rw---,	0x2b8bfd9541dd
0000000005637570,	           8,	           -,	           -,	 rw---,	0x2b8bfd9541dd
0000000005637590,	          29,	           -,	           -,	 rw---,	0x2b8bfd9541dd
00000000056375C0,	          56,	           -,	           -,	 rw---,	0x2b8bfd9541dd
0000000005637600,	           8,	           -,	           -,	 rw---,	0x2b8bfd9541dd
0000000005637620,	          48,	           -,	           -,	 rw---,	0x2b8bfd9541dd
0000000005637660,	           8,	           -,	           -,	 rw---,	0x2b8bfd9541dd
0000000005637680,	          27,	           -,	           -,	 rw---,	0x2b8bfd9541dd
00000000056376B0,	          48,	           -,	           -,	 rw---,	0x2b8bfd9541dd
00000000056376F0,	           8,	           -,	           -,	 rw---,	0x2b8bfd9541dd
0000000005637710,	          28,	           -,	           -,	 rw---,	0x2b8bfd9541dd
0000000005637740,	          56,	           -,	           -,	 rw---,	0x2b8bfd9541dd
0000000005637790,	          38,	           -,	           -,	 rw---,	0x2b8bfd9541dd
00000000056377C0,	          48,	           -,	           -,	 rw---,	0x2b8bfd9541dd
0000000005637800,	          40,	           -,	           -,	 rw---,	0x2b8bfd9541dd
0000000005637840,	          40,	           -,	           -,	 rw---,	0x2b8bfd9541dd
0000000005637870,	          29,	           -,	           -,	 rw---,	0x2b8bfd9541dd
00000000056378A0,	          50,	           -,	           -,	 rw---,	0x2b8bfd9541dd
00000000056378E0,	          32,	           -,	           -,	 rw---,	0x2b8bfd9541dd
0000000005637910,	          27,	           -,	           -,	 rw---,	0x2b8bfd9541dd
0000000005637940,	           8,	           -,	           -,	 rw---,	0x2b8bfd9541dd
0000000005637960,	           8,	           -,	           -,	 rw---,	0x2b8bfd9541dd
0000000005637980,	          27,	           -,	           -,	 rw---,	0x2b8bfd9541dd
00000000056379B0,	           8,	           -,	           -,	 rw---,	0x2b8bfd9541dd
00000000056379E0,	          41,	           -,	           -,	 rw---,	0x2b8bfd9541dd
0000000005637A20,	          48,	           -,	           -,	 rw---,	0x2b8bfd9541dd
0000000005637A60,	          46,	           -,	           -,	 rw---,	0x2b8bfd9541dd
0000000005637AA0,	          56,	           -,	           -,	 rw---,	0x2b8bfd9541dd
0000000005637AE0,	           8,	           -,	           -,	 rw---,	0x2b8bfd9541dd
0000000005637B00,	          51,	           -,	           -,	 rw---,	0x2b8bfd9541dd
0000000005637B40,	          41,	           -,	           -,	 rw---,	0x2b8bfd9541dd
0000000005637B80,	          45,	           -,	           -,	 rw---,	0x2b8bfd9541dd
0000000005637BC0,	          49,	           -,	           -,	 rw---,	0x2b8bfd9541dd
0000000005637C00,	          49,	           -,	           -,	 rw---,	0x2b8bfd9541dd
0000000005637C40,	          29,	           -,	           -,	 rw---,	0x2b8bfd9541dd
0000000005637C70,	           1,	           -,	           -,	 rw---,	0x2b8bfd9541dd
0000000005637C90,	          27,	           -,	           -,	 rw---,	0x2b8bfd9541dd
0000000005637CC0,	          27,	           -,	           -,	 rw---,	0x2b8bfd9541dd
0000000005637CF0,	          38,	           -,	           -,	 rw---,	0x2b8bfd9541dd
0000000005637D20,	          48,	           -,	           -,	 rw---,	0x2b8bfd9541dd
0000000005637D60,	          55,	           -,	           -,	 rw---,	0x2b8bfd9541dd
0000000005637DA0,	          48,	           -,	           -,	 rw---,	0x2b8bfd9541dd
0000000005637DE0,	          48,	           -,	           -,	 rw---,	0x2b8bfd9541dd
0000000005637E20,	          54,	           -,	           -,	 rw---,	0x2b8bfd9541dd
0000000005637E60,	          48,	           -,	           -,	 rw---,	0x2b8bfd9541dd
0000000005637EA0,	          48,	           -,	           -,	 rw---,	0x2b8bfd9541dd
0000000005637EE0,	          48,	           -,	           -,	 rw---,	0x2b8bfd9541dd
0000000005637F30,	          48,	           -,	           -,	 rw---,	0x2b8bfd9541dd
0000000005637F70,	          27,	           -,	           -,	 rw---,	0x2b8bfd9541dd
0000000005637FA0,	           8,	           -,	           -,	 rw---,	0x2b8bfd9541dd
0000000005637FC0,	          48,	           -,	           -,	 rw---,	0x2b8bfd9541dd
0000000005638000,	          73,	           -,	           -,	 rw---,	0x2b8bfd9541dd
0000000005638060,	          49,	           -,	           -,	 rw---,	0x2b8bfd9541dd
00000000056380A0,	          48,	           -,	           -,	 rw---,	0x2b8bfd9541dd
00000000056380E0,	          29,	           -,	           -,	 rw---,	0x2b8bfd9541dd
0000000005638110,	           8,	           -,	           -,	 rw---,	0x2b8bfd9541dd
0000000005638130,	          28,	           -,	           -,	 rw---,	0x2b8bfd9541dd
0000000005638170,	          80,	           -,	           -,	 rw---,	0x2b8bfd9541dd
00000000056381D0,	          48,	           -,	           -,	 rw---,	0x2b8bfd9541dd
0000000005638210,	          55,	           -,	           -,	 rw---,	0x2b8bfd9541dd
0000000005638250,	          48,	           -,	           -,	 rw---,	0x2b8bfd9541dd
0000000005638290,	          48,	           -,	           -,	 rw---,	0x2b8bfd9541dd
00000000056382D0,	          53,	           -,	           -,	 rw---,	0x2b8bfd9541dd
0000000005638310,	          62,	           -,	           -,	 rw---,	0x2b8bfd9541dd
0000000005638360,	          48,	           -,	           -,	 rw---,	0x2b8bfd9541dd
00000000056383A0,	          30,	           -,	           -,	 rw---,	0x2b8bfd9541dd
00000000056383D0,	           8,	           -,	           -,	 rw---,	/home/vagrant/workspace/gfs-3.6/common/rw_mutex.cpp:31
00000000056383F0,	          48,	           -,	           -,	 rw---,	0x2b8bfd9541dd
0000000005638430,	          27,	           -,	           -,	 rw---,	0x2b8bfd9541dd
0000000005638460,	          48,	           -,	           -,	 rw---,	0x2b8bfd9541dd
00000000056384B0,	          48,	           -,	           -,	 rw---,	0x2b8bfd9541dd
00000000056384F0,	          73,	           -,	           -,	 rw---,	0x2b8bfd9541dd
0000000005638550,	          49,	           -,	           -,	 rw---,	0x2b8bfd9541dd
0000000005638590,	          48,	           -,	           -,	 rw---,	0x2b8bfd9541dd
00000000056385D0,	          54,	           -,	           -,	 rw---,	0x2b8bfd9541dd
0000000005638610,	           8,	           -,	           -,	 rw---,	0x2b8bfd9541dd
0000000005638630,	          29,	           -,	           -,	 rw---,	0x2b8bfd9541dd
0000000005638660,	          48,	           -,	           -,	 rw---,	0x2b8bfd9541dd
00000000056386A0,	           1,	           -,	           -,	 rw---,	0x2b8bfd9541dd
00000000056386C0,	          48,	           -,	           -,	 rw---,	0x2b8bfd9541dd
0000000005638700,	          60,	           -,	           -,	 rw---,	0x2b8bfd9541dd
0000000005638750,	          32,	           -,	           -,	 rw---,	0x2b8bfd9541dd
0000000005638780,	           8,	           -,	           -,	 rw---,	0x2b8bfd9541dd
00000000056387A0,	          48,	           -,	           -,	 rw---,	0x2b8bfd9541dd
00000000056387E0,	          33,	           -,	           -,	 rw---,	0x2b8bfd9541dd
0000000005638810,	          35,	           -,	           -,	 rw---,	0x2b8bfd9541dd
0000000005638840,	          48,	           -,	           -,	 rw---,	0x2b8bfd9541dd
0000000005638880,	          30,	           -,	           -,	 rw---,	0x2b8bfd9541dd
00000000056388B0,	          27,	           -,	           -,	 rw---,	0x2b8bfd9541dd
00000000056388F0,	          16,	           -,	           -,	 rw---,	0x2b8bfd9541dd
0000000005638910,	          48,	           -,	           -,	 rw---,	0x2b8bfd9541dd
0000000005638950,	          29,	           -,	           -,	 rw---,	0x2b8bfd9541dd
0000000005638980,	          37,	           -,	           -,	 rw---,	0x2b8bfd9541dd
00000000056389C0,	          16,	           -,	           -,	 rw---,	0x2b8bfd9541dd
00000000056389E0,	          48,	           -,	           -,	 rw---,	0x2b8bfd9541dd
0000000005638A20,	          80,	           -,	           -,	 rw---,	0x2b8bfd9541dd
0000000005638A80,	          45,	           -,	           -,	 rw---,	0x2b8bfd9541dd
0000000005638AC0,	           8,	           -,	           -,	 rw---,	0x2b8bfd9541dd
0000000005638AE0,	          48,	           -,	           -,	 rw---,	0x2b8bfd9541dd
0000000005638B20,	          55,	           -,	           -,	 rw---,	0x2b8bfd9541dd
0000000005638B60,	          48,	           -,	           -,	 rw---,	0x2b8bfd9541dd
0000000005638BA0,	          48,	           -,	           -,	 rw---,	0x2b8bfd9541dd
0000000005638BE0,	          55,	           -,	           -,	 rw---,	0x2b8bfd9541dd
0000000005638C20,	          48,	           -,	           -,	 rw---,	0x2b8bfd9541dd
0000000005638C60,	          48,	           -,	           -,	 rw---,	0x2b8bfd9541dd
0000000005638CA0,	          29,	           -,	           -,	 rw---,	0x2b8bfd9541dd
0000000005638CD0,	          37,	           -,	           -,	 rw---,	0x2b8bfd9541dd
0000000005638D00,	           1,	           -,	           -,	 rw---,	0x2b8bfd9541dd
0000000005638D20,	          48,	           -,	           -,	 rw---,	0x2b8bfd9541dd
0000000005638D60,	          27,	           -,	           -,	 rw---,	0x2b8bfd9541dd
0000000005638D90,	          32,	           -,	           -,	 rw---,	0x2b8bfd9541dd
0000000005638DC0,	           1,	           -,	           -,	 rw---,	0x2b8bfd9541dd
0000000005638DE0,	          48,	           -,	           -,	 rw---,	0x2b8bfd9541dd
0000000005638E20,	          73,	           -,	           -,	 rw---,	0x2b8bfd9541dd
0000000005638E80,	          49,	           -,	           -,	 rw---,	0x2b8bfd9541dd
0000000005638EC0,	          48,	           -,	           -,	 rw---,	0x2b8bfd9541dd
0000000005638F00,	          48,	           -,	           -,	 rw---,	0x2b8bfd9541dd
0000000005638F50,	          29,	           -,	           -,	 rw---,	0x2b8bfd9541dd
0000000005638F90,	          35,	           -,	           -,	 rw---,	0x2b8bfd9541dd
0000000005638FD0,	           8,	           -,	           -,	 rw---,	0x2b8bfd9541dd
0000000005638FF0,	          48,	           -,	           -,	 rw---,	0x2b8bfd9541dd
0000000005639030,	          55,	           -,	           -,	 rw---,	0x2b8bfd9541dd
0000000005639070,	          48,	           -,	           -,	 rw---,	0x2b8bfd9541dd
00000000056390B0,	          48,	           -,	           -,	 rw---,	0x2b8bfd9541dd
00000000056390F0,	          61,	           -,	           -,	 rw---,	0x2b8bfd9541dd
0000000005639140,	          32,	           -,	           -,	 rw---,	0x2b8bfd9541dd
0000000005639170,	          16,	           -,	           -,	 rw---,	0x2b8bfd9541dd
0000000005639190,	          48,	           -,	           -,	 rw---,	0x2b8bfd9541dd
00000000056391D0,	          39,	           -,	           -,	 rw---,	0x2b8bfd9541dd
0000000005639200,	           1,	           -,	           -,	 rw---,	0x2b8bfd9541dd
0000000005639220,	          48,	           -,	           -,	 rw---,	0x2b8bfd9541dd
0000000005639260,	          28,	           -,	           -,	 rw---,	0x2b8bfd9541dd
0000000005639290,	          27,	           -,	           -,	 rw---,	0x2b8bfd9541dd
00000000056392C0,	          16,	           -,	           -,	 rw---,	0x2b8bfd9541dd
00000000056392E0,	          48,	           -,	           -,	 rw---,	0x2b8bfd9541dd
0000000005639320,	          73,	           -,	           -,	 rw---,	0x2b8bfd9541dd
0000000005639380,	          49,	           -,	           -,	 rw---,	0x2b8bfd9541dd
00000000056393C0,	          48,	           -,	           -,	 rw---,	0x2b8bfd9541dd
0000000005639400,	          64,	           -,	           -,	 rw---,	0x2b8bfd9541dd
0000000005639450,	          29,	           -,	           -,	 rw---,	0x2b8bfd9541dd
0000000005639490,	          48,	           -,	           -,	 rw---,	0x2b8bfd9541dd
00000000056394D0,	           8,	           -,	           -,	 rw---,	0x2b8bfd9541dd
00000000056394F0,	          48,	           -,	           -,	 rw---,	0x2b8bfd9541dd
0000000005639530,	          55,	           -,	           -,	 rw---,	0x2b8bfd9541dd
0000000005639570,	          48,	           -,	           -,	 rw---,	0x2b8bfd9541dd
00000000056395B0,	          48,	           -,	           -,	 rw---,	0x2b8bfd9541dd
00000000056395F0,	          62,	           -,	           -,	 rw---,	0x2b8bfd9541dd
0000000005639640,	          61,	           -,	           -,	 rw---,	0x2b8bfd9541dd
0000000005639690,	          48,	           -,	           -,	 rw---,	0x2b8bfd9541dd
00000000056396D0,	          62,	           -,	           -,	 rw---,	0x2b8bfd9541dd
0000000005639720,	          48,	           -,	           -,	 rw---,	0x2b8bfd9541dd
0000000005639760,	          28,	           -,	           -,	 rw---,	0x2b8bfd9541dd
0000000005639790,	          61,	           -,	           -,	 rw---,	0x2b8bfd9541dd
00000000056397E0,	          48,	           -,	           -,	 rw---,	0x2b8bfd9541dd
0000000005639820,	          73,	           -,	           -,	 rw---,	0x2b8bfd9541dd
0000000005639880,	          49,	           -,	           -,	 rw---,	0x2b8bfd9541dd
00000000056398C0,	          48,	           -,	           -,	 rw---,	0x2b8bfd9541dd
0000000005639900,	          40,	           -,	           -,	 rw---,	0x2b8bfd9541dd
0000000005639930,	          40,	           -,	           -,	 rw---,	0x2b8bfd9541dd
0000000005639960,	          40,	           -,	           -,	 rw---,	0x2b8bfd9541dd
0000000005639990,	          40,	           -,	           -,	 rw---,	0x2b8bfd9541dd
00000000056399D0,	           8,	           -,	           -,	 rw---,	0x2b8bfd9541dd
00000000056399F0,	          48,	           -,	           -,	 rw---,	0x2b8bfd9541dd
0000000005639A30,	           8,	           -,	           -,	 rw---,	0x2b8bfd9541dd
0000000005639A50,	          56,	           -,	           -,	 rw---,	0x2b8bfd9541dd
0000000005639A90,	           8,	           -,	           -,	 rw---,	0x2b8bfd9541dd
0000000005639AB0,	          48,	           -,	           -,	 rw---,	0x2b8bfd9541dd
0000000005639AF0,	          40,	           -,	           -,	 rw---,	0x2b8bfd9541dd
0000000005639B20,	          96,	           -,	           -,	 rw---,	0x2b8bfd9541dd
0000000005639B90,	         568,	           -,	           -,	 rw---,	0x2b8bfe08a87a
0000000005639DD0,	        8192,	           -,	           -,	 rw---,	0x2b8bfd9541dd
000000000563BDE0,	         624,	           -,	           -,	 rw---,	0x2b8bfd9541dd
000000000563C060,	          30,	           -,	           -,	 rw---,	0x2b8bfd9541dd
000000000563C090,	          40,	           -,	           -,	 rw---,	0x2b8bfd9541dd
000000000563C0C0,	           1,	           -,	           -,	 rw---,	0x2b8bfd9541dd
000000000563C0E0,	           8,	           -,	           -,	 rw---,	0x2b8bfd9541dd
000000000563C100,	          45,	           -,	           -,	 rw---,	0x2b8bfd9541dd
000000000563C140,	          48,	           -,	           -,	 rw---,	0x2b8bfd9541dd
000000000563C180,	          48,	           -,	           -,	 rw---,	0x2b8bfd9541dd
000000000563C1C0,	           8,	           -,	           -,	 rw---,	0x2b8bfd9541dd
000000000563C1E0,	           8,	           -,	           -,	 rw---,	0x2b8bfd9541dd
000000000563C200,	          56,	           -,	           -,	 rw---,	0x2b8bfd9541dd
000000000563C240,	           8,	           -,	           -,	 rw---,	0x2b8bfd9541dd
000000000563C260,	          48,	           -,	           -,	 rw---,	0x2b8bfd9541dd
000000000563C2A0,	          40,	           -,	           -,	 rw---,	0x2b8bfd9541dd
000000000563C2D0,	          29,	           -,	           -,	 rw---,	0x2b8bfd9541dd
000000000563C300,	          56,	           -,	           -,	 rw---,	0x2b8bfd9541dd
000000000563C340,	           8,	           -,	           -,	 rw---,	0x2b8bfd9541dd
000000000563C360,	          48,	           -,	           -,	 rw---,	0x2b8bfd9541dd
000000000563C3A0,	           8,	           -,	           -,	 rw---,	0x2b8bfd9541dd
000000000563C3C0,	          56,	           -,	           -,	 rw---,	0x2b8bfd9541dd
000000000563C400,	           8,	           -,	           -,	 rw---,	0x2b8bfd9541dd
000000000563C420,	          48,	           -,	           -,	 rw---,	0x2b8bfd9541dd
000000000563C460,	           8,	           -,	           -,	 rw---,	0x2b8bfd9541dd
000000000563C480,	          29,	           -,	           -,	 rw---,	0x2b8bfd9541dd
000000000563C4B0,	          56,	           -,	           -,	 rw---,	0x2b8bfd9541dd
000000000563C4F0,	           8,	           -,	           -,	 rw---,	0x2b8bfd9541dd
000000000563C510,	          33,	           -,	           -,	 rw---,	0x2b8bfd9541dd
000000000563C540,	          41,	           -,	           -,	 rw---,	0x2b8bfd9541dd
000000000563C580,	           1,	           -,	           -,	 rw---,	0x2b8bfd9541dd
000000000563C5A0,	          48,	           -,	           -,	 rw---,	0x2b8bfd9541dd
000000000563C5E0,	           8,	           -,	           -,	 rw---,	0x2b8bfd9541dd
000000000563C600,	          40,	           -,	           -,	 rw---,	0x2b8bfd9541dd
000000000563C630,	          56,	           -,	           -,	 rw---,	0x2b8bfd9541dd
000000000563C670,	           8,	           -,	           -,	 rw---,	0x2b8bfd9541dd
000000000563C690,	          56,	           -,	           -,	 rw---,	0x2b8bfd9541dd
000000000563C6D0,	           8,	           -,	           -,	 rw---,	0x2b8bfd9541dd
000000000563C6F0,	          56,	           -,	           -,	 rw---,	0x2b8bfd9541dd
000000000563C730,	          40,	           -,	           -,	 rw---,	0x2b8bfd9541dd
000000000563C760,	          96,	           -,	           -,	 rw---,	0x2b8bfd9541dd
000000000563C7D0,	         568,	           -,	           -,	 rw---,	0x2b8bfe08a87a
000000000563CA10,	        8192,	           -,	           -,	 rw---,	0x2b8bfd9541dd
000000000563EA20,	         624,	           -,	           -,	 rw---,	0x2b8bfd9541dd
000000000563ECA0,	          48,	           -,	           -,	 rw---,	0x2b8bfd9541dd
000000000563ECE0,	          56,	           -,	           -,	 rw---,	0x2b8bfd9541dd
000000000563ED20,	          29,	           -,	           -,	 rw---,	0x2b8bfd9541dd
000000000563ED60,	          32,	           -,	           -,	 rw---,	0x2b8bfd9541dd
000000000563ED90,	          27,	           -,	           -,	 rw---,	0x2b8bfd9541dd
000000000563EDC0,	           8,	           -,	           -,	 rw---,	0x2b8bfd9541dd
000000000563EDE0,	           8,	           -,	           -,	 rw---,	0x2b8bfd9541dd
000000000563EE00,	          27,	           -,	           -,	 rw---,	0x2b8bfd9541dd
000000000563EE30,	          40,	           -,	           -,	 rw---,	0x2b8bfd9541dd
000000000563EE60,	           8,	           -,	           -,	 rw---,	0x2b8bfd9541dd
000000000563EE80,	          56,	           -,	           -,	 rw---,	0x2b8bfd9541dd
000000000563EEC0,	           8,	           -,	           -,	 rw---,	0x2b8bfd9541dd
000000000563EEE0,	          56,	           -,	           -,	 rw---,	0x2b8bfd9541dd
000000000563EF20,	          48,	           -,	           -,	 rw---,	0x2b8bfd9541dd
000000000563EF60,	          32,	           -,	           -,	 rw---,	0x2b8bfd9541dd
000000000563EF90,	          29,	           -,	           -,	 rw---,	0x2b8bfd9541dd
000000000563EFC0,	          56,	           -,	           -,	 rw---,	0x2b8bfd9541dd
000000000563F000,	           8,	           -,	           -,	 rw---,	0x2b8bfd9541dd
000000000563F030,	          45,	           -,	           -,	 rw---,	0x2b8bfd9541dd
000000000563F070,	          48,	           -,	           -,	 rw---,	0x2b8bfd9541dd
000000000563F0B0,	           8,	           -,	           -,	 rw---,	0x2b8bfd9541dd
000000000563F0D0,	           8,	           -,	           -,	 rw---,	0x2b8bfd9541dd
000000000563F0F0,	          48,	           -,	           -,	 rw---,	0x2b8bfd9541dd
000000000563F130,	           8,	           -,	           -,	 rw---,	0x2b8bfd9541dd
000000000563F150,	           8,	           -,	           -,	 rw---,	0x2b8bfd9541dd
000000000563F170,	          27,	           -,	           -,	 rw---,	0x2b8bfd9541dd
000000000563F1A0,	          56,	           -,	           -,	 rw---,	0x2b8bfd9541dd
000000000563F1E0,	          48,	           -,	           -,	 rw---,	0x2b8bfd9541dd
000000000563F220,	          27,	           -,	           -,	 rw---,	0x2b8bfd9541dd
000000000563F250,	          29,	           -,	           -,	 rw---,	0x2b8bfd9541dd
000000000563F280,	          56,	           -,	           -,	 rw---,	0x2b8bfd9541dd
000000000563F2C0,	           8,	           -,	           -,	 rw---,	0x2b8bfd9541dd
000000000563F2E0,	          48,	           -,	           -,	 rw---,	0x2b8bfd9541dd
000000000563F320,	           8,	           -,	           -,	 rw---,	0x2b8bfd9541dd
000000000563F340,	          56,	           -,	           -,	 rw---,	0x2b8bfd9541dd
000000000563F380,	           8,	           -,	           -,	 rw---,	0x2b8bfd9541dd
000000000563F3A0,	          48,	           -,	           -,	 rw---,	0x2b8bfd9541dd
000000000563F3E0,	           8,	           -,	           -,	 rw---,	0x2b8bfd9541dd
000000000563F400,	          29,	           -,	           -,	 rw---,	0x2b8bfd9541dd
000000000563F430,	          56,	           -,	           -,	 rw---,	0x2b8bfd9541dd
000000000563F470,	           8,	           -,	           -,	 rw---,	0x2b8bfd9541dd
000000000563F490,	          29,	           -,	           -,	 rw---,	0x2b8bfd9541dd
000000000563F4D0,	          56,	           -,	           -,	 rw---,	0x2b8bfd9541dd
000000000563F520,	          48,	           -,	           -,	 rw---,	0x2b8bfd9541dd
000000000563F560,	           8,	           -,	           -,	 rw---,	0x2b8bfd9541dd
000000000563F580,	          32,	           -,	           -,	 rw---,	0x2b8bfd9541dd
000000000563F5B0,	          56,	           -,	           -,	 rw---,	0x2b8bfd9541dd
000000000563F5F0,	           8,	           -,	           -,	 rw---,	0x2b8bfd9541dd
000000000563F610,	          56,	           -,	           -,	 rw---,	0x2b8bfd9541dd
000000000563F650,	           8,	           -,	           -,	 rw---,	0x2b8bfd9541dd
000000000563F670,	          29,	           -,	           -,	 rw---,	0x2b8bfd9541dd
000000000563F6B0,	          27,	           -,	           -,	 rw---,	0x2b8bfd9541dd
000000000563F6E0,	          96,	           -,	           -,	 rw---,	0x2b8bfd9541dd
000000000563F750,	          32,	           -,	           -,	 rw---,	0x2b8bfd9541dd
000000000563F780,	          40,	           -,	           -,	 rw---,	0x2b8bfd9541dd
000000000563F7C0,	          48,	           -,	           -,	 rw---,	0x2b8bfd9541dd
000000000563F800,	         568,	           -,	           -,	 rw---,	0x2b8bfe08a87a
000000000563FA40,	        8192,	           -,	           -,	 rw---,	0x2b8bfd9541dd
0000000005641A50,	         624,	           -,	           -,	 rw---,	0x2b8bfd9541dd
0000000005641CD0,	          48,	           -,	           -,	 rw---,	0x2b8bfd9541dd
0000000005641D10,	           8,	           -,	           -,	 rw---,	0x2b8bfd9541dd
0000000005641D30,	          56,	           -,	           -,	 rw---,	0x2b8bfd9541dd
0000000005641D70,	           8,	           -,	           -,	 rw---,	0x2b8bfd9541dd
0000000005641D90,	          48,	           -,	           -,	 rw---,	0x2b8bfd9541dd
0000000005641DD0,	           8,	           -,	           -,	 rw---,	0x2b8bfd9541dd
0000000005641DF0,	          29,	           -,	           -,	 rw---,	0x2b8bfd9541dd
0000000005641E20,	          56,	           -,	           -,	 rw---,	0x2b8bfd9541dd
0000000005641E60,	           8,	           -,	           -,	 rw---,	0x2b8bfd9541dd
0000000005641E80,	           8,	           -,	           -,	 rw---,	0x2b8bfd9541dd
0000000005641EA0,	          43,	           -,	           -,	 rw---,	0x2b8bfd9541dd
0000000005641EE0,	          27,	           -,	           -,	 rw---,	0x2b8bfd9541dd
0000000005641F10,	          48,	           -,	           -,	 rw---,	0x2b8bfd9541dd
0000000005641F50,	           8,	           -,	           -,	 rw---,	0x2b8bfd9541dd
0000000005641F70,	          27,	           -,	           -,	 rw---,	0x2b8bfd9541dd
0000000005641FA0,	          56,	           -,	           -,	 rw---,	0x2b8bfd9541dd
0000000005641FE0,	           8,	           -,	           -,	 rw---,	0x2b8bfd9541dd
0000000005642000,	          56,	           -,	           -,	 rw---,	0x2b8bfd9541dd
0000000005642040,	           8,	           -,	           -,	 rw---,	0x2b8bfd9541dd
0000000005642060,	          48,	           -,	           -,	 rw---,	0x2b8bfd9541dd
00000000056420A0,	          27,	           -,	           -,	 rw---,	0x2b8bfd9541dd
00000000056420D0,	          96,	           -,	           -,	 rw---,	0x2b8bfd9541dd
0000000005642140,	         568,	           -,	           -,	 rw---,	0x2b8bfe08a87a
0000000005642380,	        8192,	           -,	           -,	 rw---,	0x2b8bfd9541dd
0000000005644390,	         624,	           -,	           -,	 rw---,	0x2b8bfd9541dd
0000000005644610,	          40,	           -,	           -,	 rw---,	0x2b8bfd9541dd
0000000005644640,	          38,	           -,	           -,	 rw---,	0x2b8bfd9541dd
0000000005644670,	          45,	           -,	           -,	 rw---,	0x2b8bfd9541dd
00000000056446B0,	          48,	           -,	           -,	 rw---,	0x2b8bfd9541dd
00000000056446F0,	           8,	           -,	           -,	 rw---,	0x2b8bfd9541dd
0000000005644710,	           8,	           -,	           -,	 rw---,	0x2b8bfd9541dd
0000000005644730,	          48,	           -,	           -,	 rw---,	0x2b8bfd9541dd
0000000005644770,	           8,	           -,	           -,	 rw---,	0x2b8bfd9541dd
0000000005644790,	           8,	           -,	           -,	 rw---,	0x2b8bfd9541dd
00000000056447B0,	          56,	           -,	           -,	 rw---,	0x2b8bfd9541dd
00000000056447F0,	          48,	           -,	           -,	 rw---,	0x2b8bfd9541dd
0000000005644830,	           1,	           -,	           -,	 rw---,	0x2b8bfd9541dd
0000000005644860,	          29,	           -,	           -,	 rw---,	0x2b8bfd9541dd
0000000005644890,	          56,	           -,	           -,	 rw---,	0x2b8bfd9541dd
00000000056448D0,	           8,	           -,	           -,	 rw---,	0x2b8bfd9541dd
00000000056448F0,	          48,	           -,	           -,	 rw---,	0x2b8bfd9541dd
0000000005644930,	           8,	           -,	           -,	 rw---,	0x2b8bfd9541dd
0000000005644950,	          56,	           -,	           -,	 rw---,	0x2b8bfd9541dd
0000000005644990,	           8,	           -,	           -,	 rw---,	0x2b8bfd9541dd
00000000056449B0,	          48,	           -,	           -,	 rw---,	0x2b8bfd9541dd
00000000056449F0,	           8,	           -,	           -,	 rw---,	0x2b8bfd9541dd
0000000005644A10,	          29,	           -,	           -,	 rw---,	0x2b8bfd9541dd
0000000005644A40,	          56,	           -,	           -,	 rw---,	0x2b8bfd9541dd
0000000005644A80,	           8,	           -,	           -,	 rw---,	0x2b8bfd9541dd
0000000005644AA0,	          40,	           -,	           -,	 rw---,	0x2b8bfd9541dd
0000000005644AD0,	          48,	           -,	           -,	 rw---,	0x2b8bfd9541dd
0000000005644B10,	           1,	           -,	           -,	 rw---,	0x2b8bfd9541dd
0000000005644B30,	          48,	           -,	           -,	 rw---,	0x2b8bfd9541dd
0000000005644B70,	           8,	           -,	           -,	 rw---,	0x2b8bfd9541dd
0000000005644B90,	          34,	           -,	           -,	 rw---,	0x2b8bfd9541dd
0000000005644BC0,	          56,	           -,	           -,	 rw---,	0x2b8bfd9541dd
0000000005644C00,	           8,	           -,	           -,	 rw---,	0x2b8bfd9541dd
0000000005644C20,	          56,	           -,	           -,	 rw---,	0x2b8bfd9541dd
0000000005644C60,	           8,	           -,	           -,	 rw---,	0x2b8bfd9541dd
0000000005644C80,	           8,	           -,	           -,	 rw---,	0x2b8bfd9541dd
0000000005644CA0,	          48,	           -,	           -,	 rw---,	0x2b8bfd9541dd
0000000005644CF0,	          96,	           -,	           -,	 rw---,	0x2b8bfd9541dd
0000000005644D60,	         568,	           -,	           -,	 rw---,	0x2b8bfe08a87a
0000000005644FA0,	        8192,	           -,	           -,	 rw---,	0x2b8bfd9541dd
0000000005646FB0,	         624,	           -,	           -,	 rw---,	0x2b8bfd9541dd
0000000005647230,	         512,	           -,	           -,	 rw---,	0x2b8bfd9541dd
0000000005647440,	          59,	           -,	           -,	 rw---,	0x2b8bfd9541dd
0000000005647490,	          36,	           -,	           -,	 rw---,	0x2b8bfd9541dd
00000000056474C0,	          40,	           -,	           -,	 rw---,	0x2b8bfd9541dd
00000000056474F0,	         104,	           -,	           -,	 rw---,	0x2b8bfd9541dd
0000000005647560,	         288,	           -,	           -,	 rw---,	0x2b8bfd1df113
0000000005647690,	         176,	           -,	           -,	 rw---,	0x2b8bfd9541dd
0000000005647750,	          72,	           -,	           -,	 rw---,	0x2b8bfd9541dd
00000000056477A0,	          72,	           -,	           -,	 rw---,	0x2b8bfd9541dd
00000000056477F0,	          80,	           -,	           -,	 rw---,	0x2b8bfd9541dd
0000000005647850,	          73,	           -,	           -,	 rw---,	0x2b8bfd9541dd
00000000056478B0,	          64,	           -,	           -,	 rw---,	0x2b8bfd9541dd
0000000005647900,	          64,	           -,	           -,	 rw---,	0x2b8bfd9541dd
0000000005647950,	          56,	           -,	           -,	 rw---,	0x2b8bfd9541dd
0000000005647990,	         568,	           -,	           -,	 rw---,	0x2b8bfe08a87a
0000000005647BD0,	          32,	           -,	           -,	 rw---,	0x2b8bfd9541dd
0000000005647C00,	          29,	           -,	           -,	 rw---,	0x2b8bfd9541dd
0000000005647C30,	          32,	           -,	           -,	 rw---,	0x2b8bfd9541dd
0000000005647C60,	        1432,	           -,	           -,	 rw---,	/home/vagrant/workspace/gfs-3.6/common/fast_log.cpp:191
0000000005648200,	        4096,	           -,	           -,	 rw---,	0x2b8bfd9541dd
0000000005649210,	         288,	           -,	           -,	 rw---,	0x2b8bfd1df113
0000000005649340,	         504,	           -,	           -,	 rw---,	0x2b8bfd9541dd
0000000005649540,	         512,	           -,	           -,	 rw---,	0x2b8bfd9541dd
0000000005649750,	        1216,	           -,	           -,	 rw---,	0x2b8bfd9541dd
0000000005649C20,	         512,	           -,	           -,	 rw---,	0x2b8bfd9541dd
0000000005649E30,	        4400,	           -,	           -,	 rw---,	0x2b8bfd9541dd
000000000564AF70,	           1,	           -,	           -,	 rw---,	0x2b8bfd9541dd
000000000564AF90,	           1,	           -,	           -,	 rw---,	0x2b8bfd9541dd
000000000564AFB0,	           1,	           -,	           -,	 rw---,	0x2b8bfd9541dd
000000000564AFD0,	           1,	           -,	           -,	 rw---,	0x2b8bfd9541dd
000000000564AFF0,	           1,	           -,	           -,	 rw---,	0x2b8bfd9541dd
000000000564B010,	           1,	           -,	           -,	 rw---,	0x2b8bfd9541dd
000000000564B030,	           1,	           -,	           -,	 rw---,	0x2b8bfd9541dd
000000000564B050,	           1,	           -,	           -,	 rw---,	0x2b8bfd9541dd
000000000564B070,	           1,	           -,	           -,	 rw---,	0x2b8bfd9541dd
000000000564B090,	           1,	           -,	           -,	 rw---,	0x2b8bfd9541dd
000000000564B0B0,	           1,	           -,	           -,	 rw---,	0x2b8bfd9541dd
000000000564B0D0,	           1,	           -,	           -,	 rw---,	0x2b8bfd9541dd
000000000564B0F0,	           1,	           -,	           -,	 rw---,	0x2b8bfd9541dd
000000000564B110,	           1,	           -,	           -,	 rw---,	0x2b8bfd9541dd
000000000564B130,	           1,	           -,	           -,	 rw---,	0x2b8bfd9541dd
000000000564B150,	           1,	           -,	           -,	 rw---,	0x2b8bfd9541dd
000000000564B170,	           1,	           -,	           -,	 rw---,	0x2b8bfd9541dd
000000000564B190,	           1,	           -,	           -,	 rw---,	0x2b8bfd9541dd
000000000564B1B0,	           1,	           -,	           -,	 rw---,	0x2b8bfd9541dd
000000000564B1D0,	           1,	           -,	           -,	 rw---,	0x2b8bfd9541dd
000000000564B1F0,	           1,	           -,	           -,	 rw---,	0x2b8bfd9541dd
000000000564B210,	           1,	           -,	           -,	 rw---,	0x2b8bfd9541dd
000000000564B230,	           1,	           -,	           -,	 rw---,	0x2b8bfd9541dd
000000000564B250,	           1,	           -,	           -,	 rw---,	0x2b8bfd9541dd
000000000564B270,	           1,	           -,	           -,	 rw---,	0x2b8bfd9541dd
000000000564B290,	           1,	           -,	           -,	 rw---,	0x2b8bfd9541dd
000000000564B2B0,	           1,	           -,	           -,	 rw---,	0x2b8bfd9541dd
000000000564B2D0,	           1,	           -,	           -,	 rw---,	0x2b8bfd9541dd
000000000564B2F0,	           1,	           -,	           -,	 rw---,	0x2b8bfd9541dd
000000000564B310,	           1,	           -,	           -,	 rw---,	0x2b8bfd9541dd
000000000564B330,	           1,	           -,	           -,	 rw---,	0x2b8bfd9541dd
000000000564B350,	           1,	           -,	           -,	 rw---,	0x2b8bfd9541dd
000000000564B370,	           1,	           -,	           -,	 rw---,	0x2b8bfd9541dd
000000000564B390,	           1,	           -,	           -,	 rw---,	0x2b8bfd9541dd
000000000564B3B0,	          64,	           -,	           -,	 rw---,	0x2b8bfd9541dd
000000000564B400,	          16,	           -,	           -,	 rw---,	0x2b8bfd9541dd
000000000564B430,	          56,	           -,	           -,	 rw---,	0x2b8bfd9541dd
000000000564B470,	        4400,	           -,	           -,	 rw---,	0x2b8bfd9541dd
000000000564C5B0,	           1,	           -,	           -,	 rw---,	0x2b8bfd9541dd
000000000564C5D0,	           1,	           -,	           -,	 rw---,	0x2b8bfd9541dd
000000000564C5F0,	           1,	           -,	           -,	 rw---,	0x2b8bfd9541dd
000000000564C610,	           1,	           -,	           -,	 rw---,	0x2b8bfd9541dd
000000000564C630,	           1,	           -,	           -,	 rw---,	0x2b8bfd9541dd
000000000564C650,	           1,	           -,	           -,	 rw---,	0x2b8bfd9541dd
000000000564C670,	           1,	           -,	           -,	 rw---,	0x2b8bfd9541dd
000000000564C690,	           1,	           -,	           -,	 rw---,	0x2b8bfd9541dd
000000000564C6B0,	           1,	           -,	           -,	 rw---,	0x2b8bfd9541dd
000000000564C6D0,	           1,	           -,	           -,	 rw---,	0x2b8bfd9541dd
000000000564C6F0,	           1,	           -,	           -,	 rw---,	0x2b8bfd9541dd
000000000564C710,	           1,	           -,	           -,	 rw---,	0x2b8bfd9541dd
000000000564C730,	           1,	           -,	           -,	 rw---,	0x2b8bfd9541dd
000000000564C750,	           1,	           -,	           -,	 rw---,	0x2b8bfd9541dd
000000000564C770,	           1,	           -,	           -,	 rw---,	0x2b8bfd9541dd
000000000564C790,	           1,	           -,	           -,	 rw---,	0x2b8bfd9541dd
000000000564C7B0,	           1,	           -,	           -,	 rw---,	0x2b8bfd9541dd
000000000564C7D0,	           1,	           -,	           -,	 rw---,	0x2b8bfd9541dd
000000000564C7F0,	           1,	           -,	           -,	 rw---,	0x2b8bfd9541dd
000000000564C810,	           1,	           -,	           -,	 rw---,	0x2b8bfd9541dd
000000000564C830,	           1,	           -,	           -,	 rw---,	0x2b8bfd9541dd
000000000564C850,	           1,	           -,	           -,	 rw---,	0x2b8bfd9541dd
000000000564C870,	           1,	           -,	           -,	 rw---,	0x2b8bfd9541dd
000000000564C890,	           1,	           -,	           -,	 rw---,	0x2b8bfd9541dd
000000000564C8B0,	           1,	           -,	           -,	 rw---,	0x2b8bfd9541dd
000000000564C8D0,	           1,	           -,	           -,	 rw---,	0x2b8bfd9541dd
000000000564C8F0,	           1,	           -,	           -,	 rw---,	0x2b8bfd9541dd
000000000564C910,	           1,	           -,	           -,	 rw---,	0x2b8bfd9541dd
000000000564C930,	           1,	           -,	           -,	 rw---,	0x2b8bfd9541dd
000000000564C950,	           1,	           -,	           -,	 rw---,	0x2b8bfd9541dd
000000000564C970,	           1,	           -,	           -,	 rw---,	0x2b8bfd9541dd
000000000564C990,	           1,	           -,	           -,	 rw---,	0x2b8bfd9541dd
000000000564C9B0,	           1,	           -,	           -,	 rw---,	0x2b8bfd9541dd
000000000564C9D0,	           1,	           -,	           -,	 rw---,	0x2b8bfd9541dd
000000000564C9F0,	           1,	           -,	           -,	 rw---,	0x2b8bfd9541dd
000000000564CA10,	           1,	           -,	           -,	 rw---,	0x2b8bfd9541dd
000000000564CA30,	           1,	           -,	           -,	 rw---,	0x2b8bfd9541dd
000000000564CA50,	           1,	           -,	           -,	 rw---,	0x2b8bfd9541dd
000000000564CA70,	           1,	           -,	           -,	 rw---,	0x2b8bfd9541dd
000000000564CA90,	           1,	           -,	           -,	 rw---,	0x2b8bfd9541dd
000000000564CAB0,	           1,	           -,	           -,	 rw---,	0x2b8bfd9541dd
000000000564CAD0,	           1,	           -,	           -,	 rw---,	0x2b8bfd9541dd
000000000564CAF0,	           1,	           -,	           -,	 rw---,	0x2b8bfd9541dd
000000000564CB10,	           1,	           -,	           -,	 rw---,	0x2b8bfd9541dd
000000000564CB30,	           1,	           -,	           -,	 rw---,	0x2b8bfd9541dd
000000000564CB50,	           1,	           -,	           -,	 rw---,	0x2b8bfd9541dd
000000000564CB70,	           1,	           -,	           -,	 rw---,	0x2b8bfd9541dd
000000000564CB90,	           1,	           -,	           -,	 rw---,	0x2b8bfd9541dd
000000000564CBB0,	          24,	           -,	           -,	 rw---,	0x2b8bfd9541dd
000000000564CBD0,	           1,	           -,	           -,	 rw---,	0x2b8bfd9541dd
000000000564CBF0,	         512,	           -,	           -,	 rw---,	0x2b8bfd9541dd
000000000564CE00,	           1,	           -,	           -,	 rw---,	0x2b8bfd9541dd
000000000564CEA0,	           1,	           -,	           -,	 rw---,	0x2b8bfd9541dd
000000000564CEC0,	          24,	           -,	           -,	 rw---,	0x2b8bfd9541dd
000000000564CEF0,	          47,	           -,	           -,	 rw---,	0x2b8bfd9541dd
000000000564CF30,	         288,	           -,	           -,	 rw---,	0x2b8bfd1df113
000000000564D060,	          32,	           -,	           -,	 rw---,	0x2b8bfe0fbd4e
000000000564D090,	          16,	           -,	           -,	 rw---,	0x2b8bfe10d550
000000000564D0B0,	          24,	           -,	           -,	 rw---,	0x2b8bfd9541dd
000000000564D0E0,	          24,	           -,	           -,	 rw---,	0x2b8bfd9541dd
000000000564D100,	          50,	           -,	           -,	 rw---,	0x2b8bfd9541dd
000000000564D140,	           8,	           -,	           -,	 rw---,	0x2b8bfd9541dd
000000000564D160,	          50,	           -,	           -,	 rw---,	0x2b8bfd9541dd
000000000564D1A0,	          39,	           -,	           -,	 rw---,	0x2b8bfd9541dd
000000000564D1D0,	          48,	           -,	           -,	 rw---,	0x2b8bfd9541dd
000000000564D210,	          40,	           -,	           -,	 rw---,	0x2b8bfd9541dd
000000000564D240,	          36,	           -,	           -,	 rw---,	0x2b8bfd9541dd
000000000564D270,	          48,	           -,	           -,	 rw---,	0x2b8bfd9541dd
000000000564D2B0,	          24,	           -,	           -,	 rw---,	0x2b8bfd9541dd
000000000564D2D0,	          48,	           -,	           -,	 rw---,	0x2b8bfd9541dd
000000000564D310,	          30,	           -,	           -,	 rw---,	0x2b8bfd9541dd
000000000564D340,	          48,	           -,	           -,	 rw---,	0x2b8bfd9541dd
000000000564D380,	          40,	           -,	           -,	 rw---,	0x2b8bfd9541dd
000000000564D3B0,	          48,	           -,	           -,	 rw---,	0x2b8bfd9541dd
000000000564D3F0,	          40,	           -,	           -,	 rw---,	0x2b8bfd9541dd
000000000564D420,	          41,	           -,	           -,	 rw---,	0x2b8bfd9541dd
000000000564D460,	          48,	           -,	           -,	 rw---,	0x2b8bfd9541dd
000000000564D4A0,	          54,	           -,	           -,	 rw---,	0x2b8bfd9541dd
000000000564D4E0,	          30,	           -,	           -,	 rw---,	0x2b8bfd9541dd
000000000564D510,	          38,	           -,	           -,	 rw---,	0x2b8bfd9541dd
000000000564D540,	           1,	           -,	           -,	 rw---,	0x2b8bfd9541dd
000000000564D560,	         320,	           -,	           -,	 rw---,	0x2b8bfd9541dd
000000000564D6B0,	          51,	           -,	           -,	 rw---,	0x2b8bfd9541dd
000000000564D6F0,	          27,	           -,	           -,	 rw---,	0x2b8bfd9541dd
000000000564D720,	          48,	           -,	           -,	 rw---,	0x2b8bfd9541dd
000000000564D760,	          34,	           -,	           -,	 rw---,	0x2b8bfd9541dd
000000000564D790,	          61,	           -,	           -,	 rw---,	0x2b8bfd9541dd
000000000564D7E0,	          28,	           -,	           -,	 rw---,	0x2b8bfd9541dd
000000000564D810,	          40,	           -,	           -,	 rw---,	0x2b8bfd9541dd
000000000564D840,	          48,	           -,	           -,	 rw---,	0x2b8bfd9541dd
000000000564D880,	          32,	           -,	           -,	 rw---,	0x2b8bfd9541dd
000000000564D8B0,	          37,	           -,	           -,	 rw---,	0x2b8bfd9541dd
000000000564D8E0,	          61,	           -,	           -,	 rw---,	0x2b8bfd9541dd
000000000564D930,	          40,	           -,	           -,	 rw---,	0x2b8bfd9541dd
000000000564D960,	          48,	           -,	           -,	 rw---,	0x2b8bfd9541dd
000000000564D9A0,	          64,	           -,	           -,	 rw---,	0x2b8bfd9541dd
000000000564D9F0,	          16,	           -,	           -,	 rw---,	0x2b8bfd9541dd
000000000564DA20,	         160,	           -,	           -,	 rw---,	0x2b8bfd9541dd
000000000564DAD0,	         320,	           -,	           -,	 rw---,	0x2b8bfd9541dd
000000000564DC20,	         160,	           -,	           -,	 rw---,	0x2b8bfd9541dd
000000000564DCD0,	          28,	           -,	           -,	 rw---,	0x2b8bfd9541dd
000000000564DD00,	          28,	           -,	           -,	 rw---,	0x2b8bfd9541dd
000000000564DD30,	          48,	           -,	           -,	 rw---,	0x2b8bfd9541dd
000000000564DD70,	          42,	           -,	           -,	 rw---,	0x2b8bfd9541dd
000000000564DDB0,	          28,	           -,	           -,	 rw---,	0x2b8bfd9541dd
000000000564DDE0,	          48,	           -,	           -,	 rw---,	0x2b8bfd9541dd
000000000564DE20,	           1,	           -,	           -,	 rw---,	0x2b8bfd9541dd
000000000564DE40,	          48,	           -,	           -,	 rw---,	0x2b8bfd9541dd
000000000564DE80,	          46,	           -,	           -,	 rw---,	0x2b8bfd9541dd
000000000564DEC0,	          48,	           -,	           -,	 rw---,	0x2b8bfd9541dd
000000000564DF00,	          48,	           -,	           -,	 rw---,	0x2b8bfd9541dd
000000000564DF40,	          29,	           -,	           -,	 rw---,	0x2b8bfd9541dd
000000000564DF70,	          45,	           -,	           -,	 rw---,	0x2b8bfd9541dd
000000000564DFB0,	          28,	           -,	           -,	 rw---,	0x2b8bfd9541dd
000000000564DFE0,	          48,	           -,	           -,	 rw---,	0x2b8bfd9541dd
000000000564E020,	          47,	           -,	           -,	 rw---,	0x2b8bfd9541dd
000000000564E060,	          29,	           -,	           -,	 rw---,	0x2b8bfd9541dd
000000000564E090,	          48,	           -,	           -,	 rw---,	0x2b8bfd9541dd
000000000564E0D0,	          53,	           -,	           -,	 rw---,	0x2b8bfd9541dd
000000000564E110,	          30,	           -,	           -,	 rw---,	0x2b8bfd9541dd
000000000564E140,	          48,	           -,	           -,	 rw---,	0x2b8bfd9541dd
000000000564E180,	          34,	           -,	           -,	 rw---,	0x2b8bfd9541dd
000000000564E1B0,	          37,	           -,	           -,	 rw---,	0x2b8bfd9541dd
000000000564E1E0,	          48,	           -,	           -,	 rw---,	0x2b8bfd9541dd
000000000564E220,	          52,	           -,	           -,	 rw---,	0x2b8bfd9541dd
000000000564E260,	          29,	           -,	           -,	 rw---,	0x2b8bfd9541dd
000000000564E290,	          48,	           -,	           -,	 rw---,	0x2b8bfd9541dd
000000000564E2D0,	          48,	           -,	           -,	 rw---,	0x2b8bfd9541dd
000000000564E310,	          29,	           -,	           -,	 rw---,	0x2b8bfd9541dd
000000000564E340,	          48,	           -,	           -,	 rw---,	0x2b8bfd9541dd
000000000564E380,	          51,	           -,	           -,	 rw---,	0x2b8bfd9541dd
000000000564E3C0,	          29,	           -,	           -,	 rw---,	0x2b8bfd9541dd
000000000564E3F0,	         640,	           -,	           -,	 rw---,	0x2b8bfd9541dd
000000000564E680,	          48,	           -,	           -,	 rw---,	0x2b8bfd9541dd
000000000564E6C0,	          41,	           -,	           -,	 rw---,	0x2b8bfd9541dd
000000000564E700,	         160,	           -,	           -,	 rw---,	0x2b8bfd9541dd
000000000564E7B0,	          31,	           -,	           -,	 rw---,	0x2b8bfd9541dd
000000000564E7E0,	          48,	           -,	           -,	 rw---,	0x2b8bfd9541dd
000000000564E820,	          33,	           -,	           -,	 rw---,	0x2b8bfd9541dd
000000000564E850,	          45,	           -,	           -,	 rw---,	0x2b8bfd9541dd
000000000564E890,	          33,	           -,	           -,	 rw---,	0x2b8bfd9541dd
000000000564E8C0,	          32,	           -,	           -,	 rw---,	0x2b8bfd9541dd
000000000564E8F0,	          48,	           -,	           -,	 rw---,	0x2b8bfd9541dd
000000000564E930,	          44,	           -,	           -,	 rw---,	0x2b8bfd9541dd
000000000564E970,	          27,	           -,	           -,	 rw---,	0x2b8bfd9541dd
000000000564E9A0,	          48,	           -,	           -,	 rw---,	0x2b8bfd9541dd
000000000564E9E0,	           1,	           -,	           -,	 rw---,	0x2b8bfd9541dd
000000000564EA00,	          48,	           -,	           -,	 rw---,	0x2b8bfd9541dd
000000000564EA40,	          42,	           -,	           -,	 rw---,	0x2b8bfd9541dd
000000000564EA80,	          48,	           -,	           -,	 rw---,	0x2b8bfd9541dd
000000000564EAC0,	          40,	           -,	           -,	 rw---,	0x2b8bfd9541dd
000000000564EAF0,	          49,	           -,	           -,	 rw---,	0x2b8bfd9541dd
000000000564EB30,	          43,	           -,	           -,	 rw---,	0x2b8bfd9541dd
000000000564EB70,	          26,	           -,	           -,	 rw---,	0x2b8bfd9541dd
000000000564EBA0,	          48,	           -,	           -,	 rw---,	0x2b8bfd9541dd
000000000564EBE0,	          47,	           -,	           -,	 rw---,	0x2b8bfd9541dd
000000000564EC20,	          29,	           -,	           -,	 rw---,	0x2b8bfd9541dd
000000000564EC50,	         320,	           -,	           -,	 rw---,	0x2b8bfd9541dd
000000000564EDA0,	          48,	           -,	           -,	 rw---,	0x2b8bfd9541dd
000000000564EDE0,	          32,	           -,	           -,	 rw---,	0x2b8bfd9541dd
000000000564EE10,	          42,	           -,	           -,	 rw---,	0x2b8bfd9541dd
000000000564EE50,	          30,	           -,	           -,	 rw---,	0x2b8bfd9541dd
000000000564EE80,	          40,	           -,	           -,	 rw---,	0x2b8bfd9541dd
000000000564EEB0,	          48,	           -,	           -,	 rw---,	0x2b8bfd9541dd
000000000564EEF0,	        4096,	           -,	           -,	 rw---,	0x2b8bfe0f77ee
000000000564FF00,	        3816,	           -,	           -,	 rw---,	0x2b8bfd9541dd
0000000005650DF0,	        2072,	           -,	           -,	 rw---,	0x2b8bfd9541dd
0000000005651610,	         512,	           -,	           -,	 rw---,	0x2b8bfd9541dd
0000000005651820,	         288,	           -,	           -,	 rw---,	0x2b8bfd1df113
0000000005651950,	          24,	           -,	           -,	 rw---,	0x2b8bfd9541dd
0000000005651970,	          24,	           -,	           -,	 rw---,	0x2b8bfd9541dd
0000000005651990,	         288,	           -,	           -,	 rw---,	0x2b8bfd1df113
0000000005651AC0,	         152,	           -,	           -,	 rw---,	0x2b8bfd9541dd
0000000005651B60,	         344,	           -,	           -,	 rw---,	0x2b8bfd9541dd
0000000005651CC0,	          16,	           -,	           -,	 rw---,	0x2b8bfe10e288
0000000005651CF0,	          56,	           -,	           -,	 rw---,	0x2b8bfd1dab5b
0000000005651D30,	        1544,	           -,	           -,	 rw---,	0x2b8bfd9541dd
0000000005652340,	        1544,	           -,	           -,	 rw---,	0x2b8bfd9541dd
0000000005652950,	        1544,	           -,	           -,	 rw---,	0x2b8bfd9541dd
0000000005652F60,	        1544,	           -,	           -,	 rw---,	0x2b8bfd9541dd
0000000005653570,	        1544,	           -,	           -,	 rw---,	0x2b8bfd9541dd
0000000005653B80,	         136,	           -,	           -,	 rw---,	0x2b8bfd9541dd
0000000005653C10,	        1544,	           -,	           -,	 rw---,	0x2b8bfd9541dd
0000000005654220,	        8312,	           -,	           -,	 rw---,	0x2b8bfd9541dd
00000000056562A0,	        1544,	           -,	           -,	 rw---,	0x2b8bfd9541dd
00000000056568B0,	        2016,	           -,	           -,	 rw---,	0x2b8bfd9541dd
00000000056570A0,	          16,	           -,	           -,	 rw---,	0x2b8bfe10d550
00000000056570C0,	          24,	           -,	           -,	 rw---,	0x2b8bfd9541dd
00000000056570E0,	          44,	           -,	           -,	 rw---,	0x2b8bfd9541dd
0000000005657120,	          40,	           -,	           -,	 rw---,	0x2b8bfd9541dd
0000000005657150,	          47,	           -,	           -,	 rw---,	0x2b8bfd9541dd
0000000005657200,	          52,	           -,	           -,	 rw---,	0x2b8bfd9541dd
00000000056572B0,	          51,	           -,	           -,	 rw---,	0x2b8bfd9541dd
00000000056572F0,	          16,	           -,	           -,	 rw---,	0x2b8bfd9541dd
0000000005657310,	          16,	           -,	           -,	 rw---,	0x2b8bfd9541dd
0000000005657330,	          40,	           -,	           -,	 rw---,	0x2b8bfd9541dd
0000000005657360,	          23,	           -,	           -,	 rw---,	0x2b8bfe10e3f8
0000000005657380,	          54,	           -,	           -,	 rw---,	0x2b8bfe10d951
00000000056573C0,	          23,	           -,	           -,	 rw---,	0x2b8bfe10e3f8
00000000056573E0,	          54,	           -,	           -,	 rw---,	0x2b8bfe10d951
0000000005657420,	          22,	           -,	           -,	 rw---,	0x2b8bfe10e3f8
0000000005657440,	          54,	           -,	           -,	 rw---,	0x2b8bfe10d951
0000000005657480,	          22,	           -,	           -,	 rw---,	0x2b8bfe10e3f8
00000000056574A0,	          54,	           -,	           -,	 rw---,	0x2b8bfe10d951
00000000056574E0,	          52,	           -,	           -,	 rw---,	0x2b8bfe10d951
0000000005657520,	          27,	           -,	           -,	 rw---,	0x2b8bfe10e3f8
0000000005657550,	          56,	           -,	           -,	 rw---,	0x2b8bfe10d951
0000000005657590,	          54,	           -,	           -,	 rw---,	0x2b8bfe10d951
00000000056575D0,	          23,	           -,	           -,	 rw---,	0x2b8bfe10e3f8
00000000056575F0,	          54,	           -,	           -,	 rw---,	0x2b8bfe10d951
0000000005657630,	          25,	           -,	           -,	 rw---,	0x2b8bfe10e3f8
0000000005657660,	          54,	           -,	           -,	 rw---,	0x2b8bfe10d951
00000000056576A0,	          25,	           -,	           -,	 rw---,	0x2b8bfe10e3f8
00000000056576D0,	          54,	           -,	           -,	 rw---,	0x2b8bfe10d951
0000000005657710,	          26,	           -,	           -,	 rw---,	0x2b8bfe10e3f8
0000000005657740,	          54,	           -,	           -,	 rw---,	0x2b8bfe10d951
0000000005657780,	          20,	           -,	           -,	 rw---,	0x2b8bfe10e3f8
00000000056577A0,	          54,	           -,	           -,	 rw---,	0x2b8bfe10d951
00000000056577E0,	          25,	           -,	           -,	 rw---,	0x2b8bfe10e3f8
0000000005657810,	          54,	           -,	           -,	 rw---,	0x2b8bfe10d951
0000000005657850,	          25,	           -,	           -,	 rw---,	0x2b8bfe10e3f8
0000000005657880,	          56,	           -,	           -,	 rw---,	0x2b8bfe10d951
00000000056578C0,	          26,	           -,	           -,	 rw---,	0x2b8bfe10e3f8
00000000056578F0,	          56,	           -,	           -,	 rw---,	0x2b8bfe10d951
0000000005657930,	          26,	           -,	           -,	 rw---,	0x2b8bfe10e3f8
0000000005657960,	          54,	           -,	           -,	 rw---,	0x2b8bfe10d951
00000000056579A0,	          56,	           -,	           -,	 rw---,	0x2b8bfe10d951
00000000056579E0,	          24,	           -,	           -,	 rw---,	0x2b8bfe10e3f8
0000000005657A00,	          54,	           -,	           -,	 rw---,	0x2b8bfe10d951
0000000005657A40,	          56,	           -,	           -,	 rw---,	0x2b8bfe10d951
0000000005657A80,	          24,	           -,	           -,	 rw---,	0x2b8bfe10e3f8
0000000005657AA0,	          54,	           -,	           -,	 rw---,	0x2b8bfe10d951
0000000005657AE0,	          53,	           -,	           -,	 rw---,	0x2b8bfe10d951
0000000005657B20,	          24,	           -,	           -,	 rw---,	0x2b8bfe10d665
0000000005657B40,	          25,	           -,	           -,	 rw---,	0x2b8bfd1d6ce3
0000000005657B70,	          25,	           -,	           -,	 rw---,	0x2b8bfd1d91a1
0000000005657BA0,	          56,	           -,	           -,	 rw---,	0x2b8bfd1dab5b
0000000005657BE0,	         144,	           -,	           -,	 rw---,	0x2b8bfd1dda46
0000000005657C80,	          43,	           -,	           -,	 rw---,	0x2b8bfd9541dd
0000000005657D30,	          16,	           -,	           -,	 rw---,	0x2b8bfd9541dd
0000000005657D50,	          24,	           -,	           -,	 rw---,	0x2b8bfd9541dd
0000000005657D70,	          39,	           -,	           -,	 rw---,	0x2b8bfd9541dd
0000000005657DA0,	          72,	           -,	           -,	 rw---,	0x2b8bfd9541dd
0000000005657DF0,	        8064,	           -,	           -,	 rw---,	/home/vagrant/workspace/gfs-3.6/lib/gce/xsocket/../../../lib/appframe/array_object_pool.hpp:46
0000000005659D80,	       57344,	           -,	           -,	 rw---,	/home/vagrant/workspace/gfs-3.6/chunk_server/../lib/appframe/array_object_pool.hpp:46
0000000005667D90,	       10112,	           -,	           -,	 rw---,	/home/vagrant/workspace/gfs-3.6/lib/appframe/array_object_pool.hpp:46
000000000566A520,	        1178,	           -,	           -,	 rw---,	0x2b8bfd1d8f3b
000000000566A9D0,	         520,	           -,	           -,	 rw---,	0x2b8bfd9541dd
000000000566ABE0,	          16,	           -,	           -,	 rw---,	0x2b8bfd9541dd
000000000566AC00,	         136,	           -,	           -,	 rw---,	0x2b8bfd9541dd
000000000566ACA0,	         288,	           -,	           -,	 rw---,	0x2b8bfd1df113
000000000566ADD0,	        1544,	           -,	           -,	 rw---,	0x2b8bfd9541dd
000000000566B3E0,	         104,	           -,	           -,	 rw---,	0x2b8bfd9541dd
000000000566B450,	          56,	           -,	           -,	 rw---,	0x2b8bfd9541dd
000000000566B490,	          48,	           -,	           -,	 rw---,	0x2b8bfd9541dd
000000000566B4D0,	          48,	           -,	           -,	 rw---,	0x2b8bfd9541dd
000000000566B5A0,	          24,	           -,	           -,	 rw---,	0x2b8bfd9541dd
000000000566B5C0,	          24,	           -,	           -,	 rw---,	0x2b8bfd9541dd
000000000566B660,	          42,	           -,	           -,	 rw---,	0x2b8bfd9541dd
000000000566B710,	          45,	           -,	           -,	 rw---,	0x2b8bfd9541dd
000000000566B750,	          61,	           -,	           -,	 rw---,	0x2b8bfd9541dd
000000000566B8A0,	          45,	           -,	           -,	 rw---,	0x2b8bfd9541dd
000000000566B950,	          53,	           -,	           -,	 rw---,	0x2b8bfd9541dd
000000000566BA00,	          33,	           -,	           -,	 rw---,	0x2b8bfd9541dd
000000000566BA30,	          16,	           -,	           -,	 rw---,	0x2b8bfd9541dd
000000000566BA50,	          47,	           -,	           -,	 rw---,	0x2b8bfd9541dd
000000000566BB10,	           1,	           -,	           -,	 rw---,	0x2b8bfd9541dd
000000000566BB30,	          35,	           -,	           -,	 rw---,	0x2b8bfd9541dd
000000000566BB60,	          23,	           -,	           -,	 rw---,	0x2b8bfd1d6ce3
000000000566BB80,	          23,	           -,	           -,	 rw---,	0x2b8bfd1d91a1
000000000566BBA0,	          22,	           -,	           -,	 rw---,	0x2b8bfd1d6ce3
000000000566BBC0,	          22,	           -,	           -,	 rw---,	0x2b8bfd1d91a1
000000000566BC50,	          53,	           -,	           -,	 rw---,	0x2b8bfd9541dd
000000000566BC90,	          48,	           -,	           -,	 rw---,	0x2b8bfd9541dd
000000000566BCD0,	          35,	           -,	           -,	 rw---,	0x2b8bfd9541dd
000000000566BD00,	          43,	           -,	           -,	 rw---,	0x2b8bfd9541dd
000000000566BDB0,	          49,	           -,	           -,	 rw---,	0x2b8bfd9541dd
000000000566BE60,	          50,	           -,	           -,	 rw---,	0x2b8bfd9541dd
000000000566BF10,	          48,	           -,	           -,	 rw---,	0x2b8bfd9541dd
000000000566BFC0,	          59,	           -,	           -,	 rw---,	0x2b8bfd9541dd
000000000566C080,	          57,	           -,	           -,	 rw---,	0x2b8bfd9541dd
000000000566C140,	          54,	           -,	           -,	 rw---,	0x2b8bfd9541dd
000000000566C210,	        8312,	           -,	           -,	 rw---,	0x2b8bfd9541dd
000000000566E290,	        1544,	           -,	           -,	 rw---,	0x2b8bfd9541dd
000000000566E8A0,	        1544,	           -,	           -,	 rw---,	0x2b8bfd9541dd
000000000566EEB0,	       24096,	           -,	           -,	 rw---,	/home/vagrant/workspace/gfs-3.6/chunk_server/queue.h:54
0000000005674CE0,	        1544,	           -,	           -,	 rw---,	0x2b8bfd9541dd
00000000056752F0,	        8092,	           -,	           -,	 rw---,	/home/vagrant/workspace/gfs-3.6/chunk_server/queue.h:54
00000000056772A0,	        1544,	           -,	           -,	 rw---,	0x2b8bfd9541dd
00000000056778B0,	        1544,	           -,	           -,	 rw---,	0x2b8bfd9541dd
0000000005677EC0,	        1544,	           -,	           -,	 rw---,	0x2b8bfd9541dd
00000000056784D0,	        1544,	           -,	           -,	 rw---,	0x2b8bfd9541dd
0000000005678AE0,	        1544,	           -,	           -,	 rw---,	0x2b8bfd9541dd
00000000056790F0,	       49152,	           -,	           -,	 rw---,	0x2b8bfd9541dd
0000000005685100,	          48,	           -,	           -,	 rw---,	0x2b8bfd9541dd
0000000005685140,	          24,	           -,	           -,	 rw---,	0x2b8bfd9541dd
0000000005685160,	          46,	           -,	           -,	 rw---,	0x2b8bfd9541dd
0000000005685210,	          44,	           -,	           -,	 rw---,	0x2b8bfd9541dd
00000000056852C0,	          45,	           -,	           -,	 rw---,	0x2b8bfd9541dd
0000000005685300,	          49,	           -,	           -,	 rw---,	0x2b8bfd9541dd
0000000005685350,	          32,	           -,	           -,	 rw---,	0x2b8bfe0fbd4e
0000000005685380,	          24,	           -,	           -,	 rw---,	0x2b8bfe10d665
0000000005685410,	          50,	           -,	           -,	 rw---,	0x2b8bfd9541dd
00000000056854C0,	          52,	           -,	           -,	 rw---,	0x2b8bfd9541dd
0000000005685500,	          40,	           -,	           -,	 rw---,	0x2b8bfd9541dd
0000000005685550,	           1,	           -,	           -,	 rw---,	0x2b8bfd9541dd
0000000005685570,	          53,	           -,	           -,	 rw---,	0x2b8bfd9541dd
0000000005685620,	          52,	           -,	           -,	 rw---,	0x2b8bfd9541dd
0000000005685660,	          40,	           -,	           -,	 rw---,	0x2b8bfd1daa66
0000000005685690,	          72,	           -,	           -,	 rw---,	0x2b8bfd1dab5b
00000000056856E0,	         192,	           -,	           -,	 rw---,	0x2b8bfd1dda46
00000000056857B0,	         216,	           -,	           -,	 rw---,	0x2b8bfd1dda46
0000000005685890,	          28,	           -,	           -,	 rw---,	0x2aab1510a3b2
0000000005685930,	          54,	           -,	           -,	 rw---,	0x2b8bfd9541dd
00000000056859E0,	          57,	           -,	           -,	 rw---,	0x2b8bfd9541dd
0000000005685AA0,	          47,	           -,	           -,	 rw---,	0x2b8bfd9541dd
0000000005685AE0,	          40,	           -,	           -,	 rw---,	0x2b8bfd9541dd
0000000005685B10,	          56,	           -,	           -,	 rw---,	0x2b8bfd9541dd
0000000005685B50,	          45,	           -,	           -,	 rw---,	0x2b8bfd9541dd
0000000005685C00,	          44,	           -,	           -,	 rw---,	0x2b8bfd9541dd
0000000005685CB0,	          48,	           -,	           -,	 rw---,	0x2b8bfd9541dd
0000000005685D60,	          43,	           -,	           -,	 rw---,	0x2b8bfd9541dd
0000000005685E10,	          41,	           -,	           -,	 rw---,	0x2b8bfd9541dd
0000000005685EC0,	          41,	           -,	           -,	 rw---,	0x2b8bfd9541dd
0000000005685F70,	          41,	           -,	           -,	 rw---,	0x2b8bfd9541dd
0000000005686020,	          30,	           -,	           -,	 rw---,	0x2b8bfd9541dd
0000000005686050,	        1176,	           -,	           -,	 rw---,	0x2b8bfd1d8f3b
00000000056864F0,	        1175,	           -,	           -,	 rw---,	0x2b8bfd1d8f3b
0000000005686990,	          45,	           -,	           -,	 rw---,	0x2b8bfd9541dd
00000000056869D0,	          48,	           -,	           -,	 rw---,	0x2b8bfd9541dd
0000000005686A10,	          53,	           -,	           -,	 rw---,	0x2b8bfd9541dd
0000000005686B60,	          63,	           -,	           -,	 rw---,	0x2b8bfd9541dd
0000000005686C20,	          57,	           -,	           -,	 rw---,	0x2b8bfd9541dd
0000000005686CE0,	          62,	           -,	           -,	 rw---,	0x2b8bfd9541dd
0000000005686DA0,	          63,	           -,	           -,	 rw---,	0x2b8bfd9541dd
0000000005686DF0,	          49,	           -,	           -,	 rw---,	0x2b8bfd9541dd
0000000005686E30,	          16,	           -,	           -,	 rw---,	0x2b8bfd9541dd
0000000005686E50,	          38,	           -,	           -,	 rw---,	0x2b8bfd9541dd
0000000005686E80,	          41,	           -,	           -,	 rw---,	0x2b8bfd9541dd
00000000056871D0,	         104,	           -,	           -,	 rw---,	0x2b8bfd9541dd
0000000005687240,	         104,	           -,	           -,	 rw---,	0x2b8bfd9541dd
00000000056872B0,	         104,	           -,	           -,	 rw---,	0x2b8bfd9541dd
0000000005687320,	         104,	           -,	           -,	 rw---,	0x2b8bfd9541dd
0000000005687390,	         104,	           -,	           -,	 rw---,	0x2b8bfd9541dd
0000000005687400,	         104,	           -,	           -,	 rw---,	0x2b8bfd9541dd
0000000005687470,	         104,	           -,	           -,	 rw---,	0x2b8bfd9541dd
00000000056874E0,	         104,	           -,	           -,	 rw---,	0x2b8bfd9541dd
0000000005687550,	         104,	           -,	           -,	 rw---,	0x2b8bfd9541dd
00000000056875C0,	         104,	           -,	           -,	 rw---,	0x2b8bfd9541dd
0000000005687630,	         104,	           -,	           -,	 rw---,	0x2b8bfd9541dd
00000000056876A0,	         104,	           -,	           -,	 rw---,	0x2b8bfd9541dd
0000000005687710,	         104,	           -,	           -,	 rw---,	0x2b8bfd9541dd
0000000005687780,	         104,	           -,	           -,	 rw---,	0x2b8bfd9541dd
00000000056877F0,	         104,	           -,	           -,	 rw---,	0x2b8bfd9541dd
0000000005687860,	         104,	           -,	           -,	 rw---,	0x2b8bfd9541dd
00000000056878D0,	         104,	           -,	           -,	 rw---,	0x2b8bfd9541dd
0000000005687940,	          16,	           -,	           -,	 rw---,	0x2b8bfd9541dd
0000000005687960,	          56,	           -,	           -,	 rw---,	0x2b8bfd9541dd
00000000056879A0,	         104,	           -,	           -,	 rw---,	0x2b8bfd9541dd
0000000005687A10,	         104,	           -,	           -,	 rw---,	0x2b8bfd9541dd
0000000005687A80,	         104,	           -,	           -,	 rw---,	0x2b8bfd9541dd
0000000005687AF0,	         104,	           -,	           -,	 rw---,	0x2b8bfd9541dd
0000000005687B60,	         104,	           -,	           -,	 rw---,	0x2b8bfd9541dd
0000000005687BD0,	         104,	           -,	           -,	 rw---,	0x2b8bfd9541dd
0000000005687C40,	         104,	           -,	           -,	 rw---,	0x2b8bfd9541dd
0000000005687CB0,	         104,	           -,	           -,	 rw---,	0x2b8bfd9541dd
0000000005687D20,	         104,	           -,	           -,	 rw---,	0x2b8bfd9541dd
0000000005687D90,	         104,	           -,	           -,	 rw---,	0x2b8bfd9541dd
0000000005687E00,	         104,	           -,	           -,	 rw---,	0x2b8bfd9541dd
0000000005687E70,	         104,	           -,	           -,	 rw---,	0x2b8bfd9541dd
0000000005687EE0,	         104,	           -,	           -,	 rw---,	0x2b8bfd9541dd
0000000005687F50,	         104,	           -,	           -,	 rw---,	0x2b8bfd9541dd
0000000005687FC0,	         104,	           -,	           -,	 rw---,	0x2b8bfd9541dd
0000000005688030,	         104,	           -,	           -,	 rw---,	0x2b8bfd9541dd
00000000056880A0,	         104,	           -,	           -,	 rw---,	0x2b8bfd9541dd
0000000005688110,	         104,	           -,	           -,	 rw---,	0x2b8bfd9541dd
0000000005688180,	         104,	           -,	           -,	 rw---,	0x2b8bfd9541dd
00000000056881F0,	         104,	           -,	           -,	 rw---,	0x2b8bfd9541dd
0000000005688260,	         104,	           -,	           -,	 rw---,	0x2b8bfd9541dd
00000000056882D0,	         104,	           -,	           -,	 rw---,	0x2b8bfd9541dd
0000000005688340,	         104,	           -,	           -,	 rw---,	0x2b8bfd9541dd
00000000056883B0,	         104,	           -,	           -,	 rw---,	0x2b8bfd9541dd
0000000005688420,	         104,	           -,	           -,	 rw---,	0x2b8bfd9541dd
0000000005688730,	         104,	           -,	           -,	 rw---,	0x2b8bfd9541dd
00000000056887A0,	         104,	           -,	           -,	 rw---,	0x2b8bfd9541dd
0000000005688810,	         104,	           -,	           -,	 rw---,	0x2b8bfd9541dd
0000000005688880,	         104,	           -,	           -,	 rw---,	0x2b8bfd9541dd
0000000005688920,	          29,	           -,	           -,	 rw---,	0x2b8bfd9541dd
0000000005688950,	         104,	           -,	           -,	 rw---,	0x2b8bfd9541dd
00000000056889C0,	         104,	           -,	           -,	 rw---,	0x2b8bfd9541dd
0000000005689650,	          56,	           -,	           -,	 rw---,	0x2b8bfd9541dd
00000000056896A0,	        1544,	           -,	           -,	 rw---,	0x2b8bfd9541dd
0000000005689CB0,	        1544,	           -,	           -,	 rw---,	0x2b8bfd9541dd
   [unallocated],	       82269,	           -,	           -,	     -,	-
00000000406C5000,	        4096,	           0,	           0,	 -----,	[ anon ]
00000000406C6000,	    10485760,	          12,	          12,	 rw---,	[ anon ]
   [unallocated],	    10485760,	           -,	           -,	     -,	-
00000000413CC000,	        4096,	           0,	           0,	 -----,	[ anon ]
00000000413CD000,	    10485760,	          20,	          20,	 rw---,	[ anon ]
   [unallocated],	    10485760,	           -,	           -,	     -,	-
0000000041DCD000,	        4096,	           0,	           0,	 -----,	[ anon ]
0000000041DCE000,	    10485760,	          16,	          16,	 rw---,	[ anon ]
   [unallocated],	    10485760,	           -,	           -,	     -,	-
00000000427CE000,	        4096,	           0,	           0,	 -----,	[ anon ]
00000000427CF000,	    10485760,	           8,	           8,	 rw---,	[ anon ]
   [unallocated],	    10485760,	           -,	           -,	     -,	-
00000000431CF000,	        4096,	           0,	           0,	 -----,	[ anon ]
00000000431D0000,	    10485760,	           8,	           8,	 rw---,	[ anon ]
   [unallocated],	    10485760,	           -,	           -,	     -,	-
0000000043BD0000,	        4096,	           0,	           0,	 -----,	[ anon ]
0000000043BD1000,	    10485760,	        1164,	        1164,	 rw---,	[ anon ]
   [unallocated],	    10485760,	           -,	           -,	     -,	-
00002AAAAAAAB000,	  1574834176,	       49168,	       49168,	 rw---,	[ anon ]
00002AAAAAAAB010,	  1573632000,	           -,	           -,	 rw---,	/home/vagrant/workspace/gfs-3.6/chunk_server/../lib/appframe/array_object_pool.hpp:46
00002AAB08767010,	      264000,	           -,	           -,	 rw---,	0x2b8bfd9541dd
00002AAB087A8010,	      264000,	           -,	           -,	 rw---,	0x2b8bfd9541dd
00002AAB087E9010,	      327688,	           -,	           -,	 rw---,	0x2b8bfd9541dd
00002AAB0883A010,	      327688,	           -,	           -,	 rw---,	0x2b8bfd9541dd
   [unallocated],	       18800,	           -,	           -,	     -,	-
00002AAB0888C000,	     4194304,	           4,	           0,	 rw-s-,	chunk_server_cmd.log
   [unallocated],	     4194304,	           -,	           -,	     -,	-
00002AAB08C8C000,	    94380032,	       90116,	       90116,	 rw---,	[ anon ]
00002AAB08C8C010,	     4192008,	           -,	           -,	 rw---,	0x2b8bfd9541dd
00002AAB0908C010,	     4192008,	           -,	           -,	 rw---,	0x2b8bfd9541dd
00002AAB0948C010,	     4192008,	           -,	           -,	 rw---,	0x2b8bfd9541dd
00002AAB0988C010,	     4192008,	           -,	           -,	 rw---,	0x2b8bfd9541dd
00002AAB09C8C010,	     4192008,	           -,	           -,	 rw---,	0x2b8bfd9541dd
00002AAB0A08C010,	     4192008,	           -,	           -,	 rw---,	0x2b8bfd9541dd
00002AAB0A48C010,	     2097160,	           -,	           -,	 rw---,	0x2b8bfd9541dd
00002AAB0A68D010,	    67108864,	           -,	           -,	 rw---,	/home/vagrant/workspace/gfs-3.6/chunk_server/../lib/appframe/fixed_size_allocator.h:51
   [unallocated],	       21960,	           -,	           -,	     -,	-
00002AAB0E699000,	       40960,	          24,	           0,	 r-x--,	libnss_files-2.5.so
00002AAB0E6A3000,	     2093056,	           0,	           0,	 -----,	libnss_files-2.5.so
00002AAB0E8A2000,	        4096,	           4,	           4,	 r----,	libnss_files-2.5.so
00002AAB0E8A3000,	        4096,	           4,	           4,	 rw---,	libnss_files-2.5.so
   [unallocated],	        4096,	           -,	           -,	     -,	-
00002AAB0E8A4000,	   107270144,	       44416,	       44416,	 rw---,	[ anon ]
00002AAB0E8A4010,	      320000,	           -,	           -,	 rw---,	/home/vagrant/workspace/gfs-3.6/lib/appframe/array_object_pool.hpp:46
00002AAB0E8F3010,	     1179800,	           -,	           -,	 rw---,	0x2b8bfd9541dd
00002AAB0EA14010,	    12288000,	           -,	           -,	 rw---,	/home/vagrant/workspace/gfs-3.6/chunk_server/../lib/appframe/object_pool_template.hpp:68
00002AAB0F5CD010,	    16384000,	           -,	           -,	 rw---,	/home/vagrant/workspace/gfs-3.6/chunk_server/../lib/appframe/object_pool_template.hpp:68
00002AAB1056E010,	     1280000,	           -,	           -,	 rw---,	/home/vagrant/workspace/gfs-3.6/chunk_server/../lib/appframe/object_pool_template.hpp:68
00002AAB106A7010,	    11872000,	           -,	           -,	 rw---,	/home/vagrant/workspace/gfs-3.6/chunk_server/../lib/appframe/array_object_pool.hpp:46
00002AAB111FA010,	     1536000,	           -,	           -,	 rw---,	/home/vagrant/workspace/gfs-3.6/chunk_server/../lib/appframe/array_object_pool.hpp:46
00002AAB11372010,	    62184000,	           -,	           -,	 rw---,	/home/vagrant/workspace/gfs-3.6/chunk_server/../lib/appframe/array_object_pool.hpp:46
00002AAB14EC0010,	      196608,	           -,	           -,	 rw---,	/home/vagrant/workspace/gfs-3.6/lib/gce/xsocket/../../../lib/appframe/array_object_pool.hpp:46
   [unallocated],	       29736,	           -,	           -,	     -,	-
00002AAB14EFC000,	       16384,	          16,	           0,	 r-x--,	libnss_dns-2.5.so
00002AAB14F00000,	     2093056,	           0,	           0,	 -----,	libnss_dns-2.5.so
00002AAB150FF000,	        4096,	           4,	           4,	 r----,	libnss_dns-2.5.so
00002AAB15100000,	        4096,	           4,	           4,	 rw---,	libnss_dns-2.5.so
   [unallocated],	        4096,	           -,	           -,	     -,	-
00002AAB15101000,	       69632,	          40,	           0,	 r-x--,	libresolv-2.5.so
00002AAB15112000,	     2097152,	           0,	           0,	 -----,	libresolv-2.5.so
00002AAB15312000,	        4096,	           4,	           4,	 r----,	libresolv-2.5.so
00002AAB15313000,	        4096,	           4,	           4,	 rw---,	libresolv-2.5.so
   [unallocated],	        4096,	           -,	           -,	     -,	-
00002AAB15314000,	        8192,	           4,	           0,	 rw---,	[ anon ]
   [unallocated],	        8192,	           -,	           -,	     -,	-
00002B8BFD1CF000,	      114688,	          84,	           0,	 r-x--,	ld-2.5.so
00002B8BFD1EB000,	       32768,	          12,	          12,	 rw---,	[ anon ]
   [unallocated],	       32768,	           -,	           -,	     -,	-
00002B8BFD3EB000,	        4096,	           4,	           4,	 r----,	ld-2.5.so
00002B8BFD3EC000,	        4096,	           4,	           4,	 rw---,	ld-2.5.so
   [unallocated],	        4096,	           -,	           -,	     -,	-
00002B8BFD3ED000,	      565248,	         400,	           0,	 r-x--,	liblog4cplus.so.2.0.0
00002B8BFD477000,	     2093056,	           0,	           0,	 -----,	liblog4cplus.so.2.0.0
00002B8BFD676000,	       24576,	          24,	          24,	 rw---,	liblog4cplus.so.2.0.0
   [unallocated],	       24576,	           -,	           -,	     -,	-
00002B8BFD67C000,	       90112,	          76,	           0,	 r-x--,	libpthread-2.5.so
00002B8BFD692000,	     2093056,	           0,	           0,	 -----,	libpthread-2.5.so
00002B8BFD891000,	        4096,	           4,	           4,	 r----,	libpthread-2.5.so
00002B8BFD892000,	        4096,	           4,	           4,	 rw---,	libpthread-2.5.so
   [unallocated],	        4096,	           -,	           -,	     -,	-
00002B8BFD893000,	       16384,	           4,	           4,	 rw---,	[ anon ]
   [unallocated],	       16384,	           -,	           -,	     -,	-
00002B8BFD897000,	      942080,	         408,	           0,	 r-x--,	libstdc++.so.6.0.8
00002B8BFD97D000,	     2093056,	           0,	           0,	 -----,	libstdc++.so.6.0.8
00002B8BFDB7C000,	       24576,	          24,	          24,	 r----,	libstdc++.so.6.0.8
00002B8BFDB82000,	       12288,	          12,	          12,	 rw---,	libstdc++.so.6.0.8
   [unallocated],	       12288,	           -,	           -,	     -,	-
00002B8BFDB85000,	       77824,	          16,	          16,	 rw---,	[ anon ]
   [unallocated],	       77824,	           -,	           -,	     -,	-
00002B8BFDB98000,	      532480,	          12,	           0,	 r-x--,	libm-2.5.so
00002B8BFDC1A000,	     2093056,	           0,	           0,	 -----,	libm-2.5.so
00002B8BFDE19000,	        4096,	           4,	           4,	 r----,	libm-2.5.so
00002B8BFDE1A000,	        4096,	           4,	           4,	 rw---,	libm-2.5.so
   [unallocated],	        4096,	           -,	           -,	     -,	-
00002B8BFDE1B000,	       53248,	          36,	           0,	 r-x--,	libgcc_s-4.1.2-20080825.so.1.#prelink#.khL565 (deleted)
00002B8BFDE28000,	     2097152,	           0,	           0,	 -----,	libgcc_s-4.1.2-20080825.so.1.#prelink#.khL565 (deleted)
00002B8BFE028000,	        4096,	           4,	           4,	 rw---,	libgcc_s-4.1.2-20080825.so.1.#prelink#.khL565 (deleted)
   [unallocated],	        4096,	           -,	           -,	     -,	-
00002B8BFE029000,	     1372160,	         500,	           0,	 r-x--,	libc-2.5.so
00002B8BFE178000,	     2093056,	           0,	           0,	 -----,	libc-2.5.so
00002B8BFE377000,	       16384,	          16,	          16,	 r----,	libc-2.5.so
00002B8BFE37B000,	        4096,	           4,	           4,	 rw---,	libc-2.5.so
   [unallocated],	        4096,	           -,	           -,	     -,	-
00002B8BFE37C000,	       24576,	          24,	          24,	 rw---,	[ anon ]
   [unallocated],	       24576,	           -,	           -,	     -,	-
00002B8BFE382000,	       28672,	           8,	           0,	 r-x--,	librt-2.5.so
00002B8BFE389000,	     2097152,	           0,	           0,	 -----,	librt-2.5.so
00002B8BFE589000,	        4096,	           4,	           4,	 r----,	librt-2.5.so
00002B8BFE58A000,	        4096,	           4,	           4,	 rw---,	librt-2.5.so
   [unallocated],	        4096,	           -,	           -,	     -,	-
00002B8BFE58B000,	        8192,	           8,	           8,	 rw---,	[ anon ]
   [unallocated],	        8192,	           -,	           -,	     -,	-
00007FFFCA834000,	       86016,	          32,	          32,	 rw---,	[ stack ]
   [unallocated],	       86016,	           -,	           -,	     -,	-
00007FFFCA9FD000,	       12288,	           4,	           0,	 r-x--,	[ anon ]
FFFFFFFFFF600000,	     8388608,	           0,	           0,	 -----,	[ anon ]
